Workbook

Sheet How To

Sheet Reference Sheet

Sheet Overview (RESPONSES REQUIRED)
B1: MSR0983 - Band Combinations
B3: Note: band and feature enablement should refer to the latest version of MSR0295 pre-configuration requirements
B5: The green cells on this sheet, as well as any other relevant sheets through this workbook are to be completed/updated by the vendor
B7: Device Details | C7: Vendor Response
B8: Vendor name | C8: TCL
B9: Device Model | C9: Dahlia_T450H
B11: Feature Support
B12: Technology | C12: Vendor Response
B13: LTE CA | C13: Y
B14: EN-DC | C14: N
B15: EN-DC with NR CA | C15: N
B16: EN-DC with mmW | C16: N
B17: SA CA | C17: N
B18: SA CA with mmW | C18: N
B19: Power Class 2 on n1 | C19: N
B20: Power Class 2 on n3 | C20: N
B21: Power Class 2 on n7 | C21: N
B22: Power Class 2 on n78 | C22: N
B23: Power Class 2 on n78(2A) | C23: N
... B27: Power Class 1 on n78 | C27: N
B29: LTE Carrier Aggregation Band Combinations
B30: LTE CC | C30: Vendor Response
B31: Max LTE#CC | C31: 2
B32: LTE DL Cat | C32: 7
B33: LTE UL Cat | C33: 13
B34: Max LTE#SS | C34: =IFERROR(INDEX('CAT->streams LUT'!B1:B15,MATCH(C32,'CAT->streams LUT'!A1:A15)),0) -> 4
B36: LTE Uplink Support
B37: Uplink Combo | C37: Vendor Response | D37: Vendor Comments (Exception Cases eg Max carriers limit)
B38: CA_3C | C38: Y
B39: CA_7C | C39: N
B40: CA_1A-3A | C40: N
B41: CA_1A-7A | C41: N
B42: CA_1A-26A | C42: N
B43: CA_1A-28A | C43: N
B44: CA_3A-7A | C44: N
B45: CA_3A-26A | C45: N
B46: CA_3A-28A | C46: N
B47: CA_7A-26A | C47: N
B48: CA_7A-28A | C48: N
B50: EN-DC Band Combinations
B51: NR Bands | C51: Priority | D51: Supported | E51: Vendor Response | F51: Max LTE Layers (in EN-DC) | G51: Pcell For All LTE Bands | H51: Scell For All LTE Bands | I51: Known Limitations | J51: Total Combos Requirements | K51: Applicable Combos | L51: Supported Combos | M51: Combo Support Ratio (%) | N51: Not Responded | O51: Conflict Responses
B52: n78 | C52: P | D52: =IF(E52="","",IF(E52="Y","Y","N")) -> N | E52: N | J52: =COUNTIFS('ENDC-n78'!A:A, "ENDC*") -> 233 | K52: =COUNTIFS('ENDC-n78'!A:A, "ENDC*", 'ENDC-n78'!H:H, "<=" & $F$52) -> 0 | L52: =COUNTIFS('ENDC-n78'!N:N, "Y") -> 0 | M52: =ROUND(IFERROR(L52/K52*100,0), 0) -> 0 | N52: =COUNTIFS('ENDC-n78'!N:N, "E") -> 0 | O52: =COUNTIFS('ENDC-n78'!O:O, "*correct*") -> 0
B53: n5 | C53: M | D53: =IF(E53="","",IF(E53="Y","Y","N")) -> N | E53: N | J53: =COUNTIFS('ENDC-n5'!A:A, "ENDC*") -> 141 | K53: =COUNTIFS('ENDC-n5'!A:A, "ENDC*", 'ENDC-n5'!H:H, "<=" & $F$53) -> 0 | L53: =COUNTIFS('ENDC-n5'!N:N, "Y") -> 0 | M53: =ROUND(IFERROR(L53/K53*100,0), 0) -> 0 | N53: =COUNTIFS('ENDC-n5'!N:N, "E") -> 0 | O53: =COUNTIFS('ENDC-n5'!O:O, "*correct*") -> 0
B54: n26 | C54: P | D54: =IF(E54="","",IF(E54="Y","Y","N")) -> N | E54: N | J54: =COUNTIFS('ENDC-n26'!A:A, "ENDC*") -> 74 | K54: =COUNTIFS('ENDC-n26'!A:A, "ENDC*", 'ENDC-n26'!H:H, "<=" & $F$54) -> 0 | L54: =COUNTIFS('ENDC-n26'!N:N, "Y") -> 0 | M54: =ROUND(IFERROR(L54/K54*100,0), 0) -> 0 | N54: =COUNTIFS('ENDC-n26'!N:N, "E") -> 0 | O54: =COUNTIFS('ENDC-n26'!O:O, "*correct*") -> 0
B55: n7 | C55: M | D55: =IF(E55="","",IF(E55="Y","Y","N")) -> N | E55: N | J55: =COUNTIFS('ENDC-n7'!A:A, "ENDC*") -> 108 | K55: =COUNTIFS('ENDC-n7'!A:A, "ENDC*", 'ENDC-n7'!H:H, "<=" & $F$55) -> 0 | L55: =COUNTIFS('ENDC-n7'!N:N, "Y") -> 0 | M55: =ROUND(IFERROR(L55/K55*100,0), 0) -> 0 | N55: =COUNTIFS('ENDC-n7'!N:N, "E") -> 0 | O55: =COUNTIFS('ENDC-n7'!O:O, "*correct*") -> 0
B56: n258 | C56: HD | D56: =IF(E56="","",IF(E56="Y","Y","N")) -> N | E56: N | J56: =COUNTIFS('ENDC-mmW'!A:A, "DC*") -> 171 | K56: =COUNTIFS('ENDC-mmW'!A:A, "DC*", 'ENDC-mmW'!H:H, "<=" & $F$56) -> 0 | L56: =COUNTIFS('ENDC-mmW'!N:N, "Y") -> 0 | M56: =ROUND(IFERROR(L56/K56*100,0), 0) -> 0 | N56: =COUNTIFS('ENDC-mmW'!N:N, "E") -> 0 | O56: =COUNTIFS('ENDC-mmW'!O:O, "*correct*") -> 0
B58: EN-DC with NR CA Band Combinations
B59: NR CA | C59: Priority | D59: Supported | E59: Vendor Response | F59: Max LTE Layers (in EN-DC) | G59: Pcell For All LTE Bands | H59: Scell For All LTE Bands | I59: Known Limitations | J59: Total Combos Requirements | K59: Applicable Combos | L59: Supported Combos | M59: Combo Support Ratio (%) | N59: Not Responded | O59: Conflict Responses
B60: n5-n78 | C60: M | D60: =IF(E60="","",IF(E60="Y","Y","N")) -> N | E60: N | J60: =COUNTIFS('ENDC-NRCA'!I:I, $B60) -> 149 | K60: =COUNTIFS('ENDC-NRCA'!I:I, $B60, 'ENDC-NRCA'!J:J, "<=" & $F$60) -> 0 | L60: =COUNTIFS('ENDC-NRCA'!I:I, $B60, 'ENDC-NRCA'!Q:Q, "Y") -> 0 | M60: =ROUND(IFERROR(L60/K60*100,0), 0) -> 0 | N60: =COUNTIFS('ENDC-NRCA'!I:I, $B60, 'ENDC-NRCA'!Q:Q, "E") -> 0 | O60: =COUNTIFS('ENDC-NRCA'!I:I, $B60, 'ENDC-NRCA'!R:R, "*correct*") -> 0
B61: n26-n78 | C61: P | D61: =IF(E61="","",IF(E61="Y","Y","N")) -> N | E61: N | J61: =COUNTIFS('ENDC-NRCA'!I:I, $B61) -> 74 | K61: =COUNTIFS('ENDC-NRCA'!I:I, $B61, 'ENDC-NRCA'!J:J, "<=" & $F$61) -> 0 | L61: =COUNTIFS('ENDC-NRCA'!I:I, $B61, 'ENDC-NRCA'!Q:Q, "Y") -> 0 | M61: =ROUND(IFERROR(L61/K61*100,0), 0) -> 0 | N61: =COUNTIFS('ENDC-NRCA'!I:I, $B61, 'ENDC-NRCA'!Q:Q, "E") -> 0 | O61: =COUNTIFS('ENDC-NRCA'!I:I, $B61, 'ENDC-NRCA'!R:R, "*correct*") -> 0
B62: n7-n78 | C62: HD | D62: =IF(E62="","",IF(E62="Y","Y","N")) -> N | E62: N | J62: =COUNTIFS('ENDC-NRCA'!I:I, $B62) -> 27 | K62: =COUNTIFS('ENDC-NRCA'!I:I, $B62, 'ENDC-NRCA'!J:J, "<=" & $F$62) -> 0 | L62: =COUNTIFS('ENDC-NRCA'!I:I, $B62, 'ENDC-NRCA'!Q:Q, "Y") -> 0 | M62: =ROUND(IFERROR(L62/K62*100,0), 0) -> 0 | N62: =COUNTIFS('ENDC-NRCA'!I:I, $B62, 'ENDC-NRCA'!Q:Q, "E") -> 0 | O62: =COUNTIFS('ENDC-NRCA'!I:I, $B62, 'ENDC-NRCA'!R:R, "*correct*") -> 0
B63: n78-n258 | C63: HD | D63: =IF(E63="","",IF(E63="Y","Y","N")) -> N | E63: N | J63: =COUNTIFS('ENDC-NRCA'!I:I, $B63) -> 0 | K63: =COUNTIFS('ENDC-NRCA'!I:I, $B63, 'ENDC-NRCA'!J:J, "<=" & $F$63) -> 0 | L63: =COUNTIFS('ENDC-NRCA'!I:I, $B63, 'ENDC-NRCA'!Q:Q, "Y") -> 0 | M63: =ROUND(IFERROR(L63/K63*100,0), 0) -> 0 | N63: =COUNTIFS('ENDC-NRCA'!I:I, $B63, 'ENDC-NRCA'!Q:Q, "E") -> 0 | O63: =COUNTIFS('ENDC-NRCA'!I:I, $B63, 'ENDC-NRCA'!R:R, "*correct*") -> 0
B65: Standalone Band Combinations
B66: NR CA | C66: Priority | D66: Enabled | E66: Band Support | F66: Is Band Disabled? | G66: Max DL #CC | H66: Max UL #CC | I66: Max Combination of FDD + TDD Layers | J66: Pcell For All Bands | K66: Scell For All Bands | L66: Known Limitations | M66: Total Combos Requirements | N66: Applicable Combos | O66: Supported Combos | P66: Combo Support Ratio (%) | Q66: Not Responded | R66: Conflict Responses
B67: FR1 | C67: P | D67: =IF(E67="","",IF(E67="Y","Y","N")) -> N | E67: N | M67: =COUNTIFS('SA-FR1'!A:A, "SA*") -> 188 | N67: =COUNTIFS('SA-FR1'!A:A, "SA*", 'SA-FR1'!D:D, "<=" & $F$67) -> 0 | O67: =COUNTIFS('SA-FR1'!L:L, "Y") -> 0 | P67: =ROUND(IFERROR(N67/M67*100,0), 0) -> 0 | Q67: =COUNTIFS('SA-FR1'!L:L, "E") -> 0 | R67: =COUNTIFS('SA-FR1'!M:M, "*correct*") -> 0
B68: n1 | C68: HD | D68: =IF(OR(E68="", F68=""),"",IF(AND(E68="Y", F68="N"),"Y","N")) -> N | E68: N | F68: N | M68: =COUNTIFS('SA-FR1'!B:B, "*n1*") -> 0 | N68: =COUNTIFS('SA-FR1'!B:B, "*n1*", 'SA-FR1'!D:D, "<=" & $F$67) -> 0 | O68: =COUNTIFS('SA-FR1'!B:B, "*n1*", 'SA-FR1'!L:L, "Y") -> 0 | P68: =ROUND(IFERROR(N68/M68*100,0), 0) -> 0 | Q68: =COUNTIFS('SA-FR1'!B:B, "*n1*", 'SA-FR1'!L:L, "E") -> 0 | R68: =COUNTIFS('SA-FR1'!B:B, "*n1*",'SA-FR1'!M:M, "*correct*") -> 0
B69: n3 | C69: HD | D69: =IF(OR(E69="", F69=""),"",IF(AND(E69="Y", F69="N"),"Y","N")) -> N | E69: N | F69: N | M69: =COUNTIFS('SA-FR1'!B:B, "*n3*") -> 0 | N69: =COUNTIFS('SA-FR1'!B:B, "*n3*", 'SA-FR1'!D:D, "<=" & $F$67) -> 0 | O69: =COUNTIFS('SA-FR1'!B:B, "*n3*", 'SA-FR1'!L:L, "Y") -> 0 | P69: =ROUND(IFERROR(N69/M69*100,0), 0) -> 0 | Q69: =COUNTIFS('SA-FR1'!B:B, "*n3*", 'SA-FR1'!L:L, "E") -> 0 | R69: =COUNTIFS('SA-FR1'!B:B, "*n3*",'SA-FR1'!M:M, "*correct*") -> 0
B70: n5 | C70: M | D70: =IF(OR(E70="", F70=""),"",IF(AND(E70="Y", F70="N"),"Y","N")) -> N | E70: N | F70: N | M70: =COUNTIFS('SA-FR1'!B:B, "*n5*") -> 33 | N70: =COUNTIFS('SA-FR1'!B:B, "*n5*", 'SA-FR1'!D:D, "<=" & $F$67) -> 0 | O70: =COUNTIFS('SA-FR1'!B:B, "*n5*", 'SA-FR1'!L:L, "Y") -> 0 | P70: =ROUND(IFERROR(N70/M70*100,0), 0) -> 0 | Q70: =COUNTIFS('SA-FR1'!B:B, "*n5*", 'SA-FR1'!L:L, "E") -> 0 | R70: =COUNTIFS('SA-FR1'!B:B, "*n5*",'SA-FR1'!M:M, "*correct*") -> 0
B71: n7 | C71: P | D71: =IF(OR(E71="", F71=""),"",IF(AND(E71="Y", F71="N"),"Y","N")) -> N | E71: N | F71: N | M71: =COUNTIFS('SA-FR1'!B:B, "*n7A*")+COUNTIFS('SA-FR1'!B:B, "*n7B*") -> 162 | N71: =COUNTIFS('SA-FR1'!B:B, "*n7A*", 'SA-FR1'!D:D, "<=" & $F$67) + COUNTIFS('SA-FR1'!B:B, "*n7B*", 'SA-FR1'!D:D, "<=" & $F$67) -> 0 | O71: =COUNTIFS('SA-FR1'!B:B, "*n7A*", 'SA-FR1'!L:L, "Y")+COUNTIFS('SA-FR1'!B:B, "*n7B*", 'SA-FR1'!L:L, "Y") -> 0 | P71: =ROUND(IFERROR(N71/M71*100,0), 0) -> 0 | Q71: =COUNTIFS('SA-FR1'!B:B, "*n7A*", 'SA-FR1'!L:L, "E")+COUNTIFS('SA-FR1'!B:B, "*n7B*", 'SA-FR1'!L:L, "E") -> 0 | R71: =COUNTIFS('SA-FR1'!B:B, "*n7A*", 'SA-FR1'!M:M, "*correct*") + COUNTIFS('SA-FR1'!B:B, "*n7B*", 'SA-FR1'!M:M, "*correct*") -> 0
B72: n26 | C72: P | D72: =IF(OR(E72="", F72=""),"",IF(AND(E72="Y", F72="N"),"Y","N")) -> N | E72: N | F72: N | M72: =COUNTIFS('SA-FR1'!B:B, "*n26*") -> 84 | N72: =COUNTIFS('SA-FR1'!B:B, "*n26*", 'SA-FR1'!D:D, "<=" & $F$67) -> 0 | O72: =COUNTIFS('SA-FR1'!B:B, "*n26*", 'SA-FR1'!L:L, "Y") -> 0 | P72: =ROUND(IFERROR(N72/M72*100,0), 0) -> 0 | Q72: =COUNTIFS('SA-FR1'!B:B, "*n26*", 'SA-FR1'!L:L, "E") -> 0 | R72: =COUNTIFS('SA-FR1'!B:B, "*n26*",'SA-FR1'!M:M, "*correct*") -> 0
B73: n28 | C73: HD | D73: =IF(OR(E73="", F73=""),"",IF(AND(E73="Y", F73="N"),"Y","N")) -> N | E73: N | F73: N | M73: =COUNTIFS('SA-FR1'!B:B, "*n28*") -> 45 | N73: =COUNTIFS('SA-FR1'!B:B, "*n28*", 'SA-FR1'!D:D, "<=" & $F$67) -> 0 | O73: =COUNTIFS('SA-FR1'!B:B, "*n28*", 'SA-FR1'!L:L, "Y") -> 0 | P73: =ROUND(IFERROR(N73/M73*100,0), 0) -> 0 | Q73: =COUNTIFS('SA-FR1'!B:B, "*n28*", 'SA-FR1'!L:L, "E") -> 0 | R73: =COUNTIFS('SA-FR1'!B:B, "*n28*",'SA-FR1'!M:M, "*correct*") -> 0
B74: n78 | C74: P | D74: =IF(OR(E74="", F74=""),"",IF(AND(E74="Y", F74="N"),"Y","N")) -> N | E74: N | F74: N | M74: =COUNTIFS('SA-FR1'!B:B, "*n78*") -> 136 | N74: =COUNTIFS('SA-FR1'!B:B, "*n78*", 'SA-FR1'!D:D, "<=" & $F$67) -> 0 | O74: =COUNTIFS('SA-FR1'!B:B, "*n78*", 'SA-FR1'!L:L, "Y") -> 0 | P74: =ROUND(IFERROR(N74/M74*100,0), 0) -> 0 | Q74: =COUNTIFS('SA-FR1'!B:B, "*n78*", 'SA-FR1'!L:L, "E") -> 0 | R74: =COUNTIFS('SA-FR1'!B:B, "*n78*",'SA-FR1'!M:M, "*correct*") -> 0
B75: FR2 | C75: HD | D75: =IF(E75="","",IF(E75="Y","Y","N")) -> N | E75: N | M75: =COUNTIFS('SA-FR2'!A:A, "SA*") -> 96 | N75: =COUNTIFS('SA-FR2'!A:A, "SA*", 'SA-FR2'!D:D, "<=" & $F$67, 'SA-FR2'!E:E, "<=" & $F$75) -> 0 | O75: =COUNTIFS('SA-FR2'!M:M, "Y") -> 0 | P75: =ROUND(IFERROR(N75/M75*100,0), 0) -> 0 | Q75: =COUNTIFS('SA-FR2'!M:M, "E") -> 0 | R75: =COUNTIFS('SA-FR2'!N:N, "*correct*") -> 0
B76: n258 | C76: HD | D76: =IF(OR(E76="", F76=""),"",IF(AND(E76="Y", F76="N"),"Y","N")) -> N | E76: N | F76: N | M76: =COUNTIFS('SA-FR2'!B:B, "*n258*") -> 96 | N76: =COUNTIFS('SA-FR2'!A:A, "SA*", 'SA-FR2'!D:D, "<=" & $F$67, 'SA-FR2'!E:E, "<=" & $F$75) -> 0 | O76: =COUNTIFS('SA-FR2'!B:B, "*n258*", 'SA-FR2'!M:M, "Y") -> 0 | P76: =ROUND(IFERROR(N76/M76*100,0), 0) -> 0 | Q76: =COUNTIFS('SA-FR2'!B:B, "*n258*", 'SA-FR2'!M:M, "E") -> 0 | R76: =COUNTIFS('SA-FR2'!B:B, "*n258*", 'SA-FR2'!N:N, "*correct*") -> 0
B77: NR-DC FR1+FR2 | C77: HD | D77: =IF(E77="","",IF(E77="Y","Y","N")) -> N | E77: N | M77: =COUNTIFS('SA-FR2'!B:B, "DC*") -> 96 | N77: =COUNTIFS('SA-FR2'!B:B, "DC*", 'SA-FR2'!D:D, "<=" & $F$67, 'SA-FR2'!E:E, "<=" & $F$75) -> 0 | O77: =COUNTIFS('SA-FR2'!B:B, "DC*", 'SA-FR2'!M:M, "Y") -> 0 | P77: =ROUND(IFERROR(N77/M77*100,0), 0) -> 0 | Q77: =COUNTIFS('SA-FR2'!B:B, "DC*", 'SA-FR2'!M:M, "E") -> 0 | R77: =COUNTIFS('SA-FR2'!B:B, "DC*", 'SA-FR2'!N:N, "*correct*") -> 0
B78: NR-CA FR1+FR2 | C78: O | D78: =IF(E78="","",IF(E78="Y","Y","N")) -> N | E78: N | M78: =COUNTIFS('SA-FR2'!B:B, "CA*") -> 0 | N78: =COUNTIFS('SA-FR2'!B:B, "CA*", 'SA-FR2'!D:D, "<=" & $F$67, 'SA-FR2'!E:E, "<=" & $F$75) -> 0 | O78: =COUNTIFS('SA-FR2'!B:B, "CA*", 'SA-FR2'!M:M, "Y") -> 0 | P78: =ROUND(IFERROR(N78/M78*100,0), 0) -> 0 | Q78: =COUNTIFS('SA-FR2'!B:B, "CA*", 'SA-FR2'!M:M, "E") -> 0 | R78: =COUNTIFS('SA-FR2'!B:B, "CA*", 'SA-FR2'!N:N, "*correct*") -> 0
B80: FR1 Bandwidths
B81: NR Bands | C81: Bandwdiths (MHz) | E81: Support (Y/N) | F81: Vendor Comments
B82: n1A | C82: 5, 10, 15, 20 | E82: N
B83: n3A | C83: 5, 10, 15, 20 | E83: N
B84: n3B | C84: CC1: 5, 10, 15, 20 CC2: 5, 10, 15, 20 | E84: N
B85: n5 | C85: 5, 10, 15, 20 | E85: N
B86: n7A | C86: 5, 10, 15, 20, 25, 30, 35, 40, 50 | E86: N
B87: n7B | C87: CC1: 5, 10, 15, 20 CC2: 5, 10, 15, 20, 25, 30 | E87: N
B88: n26A | C88: 5, 10, 15 | E88: N
B89: n26(2A) | C89: CC1: 5, 10 CC2: 5, 10, 15 | E89: N
B90: n28A | C90: 5, 10, 15, 20 | E90: N
B91: n78A | C91: 10, 15, 20, 25, 30, 40, 50, 60, 70, 80, 90, 100 | E91: N
B92: n78(2A) | C92: CC1: 10, 15, 20, 25, 30, 40, 50, 60, 70, 80, 90, 100 CC2: 10, 15, 20, 25, 30, 40, 50, 60, 70, 80, 90, 100 | E92: N
B93: n78C | C93: CC1: 10, 15, 20, 25, 30, 40, 50, 60, 70, 80, 90, 100 CC2: 10, 15, 20, 25, 30, 40, 50, 60, 70, 80, 90, 100 | E93: N
B95: Other Band Combinations Supported
B96: Technology | C96: Other Supported Band Combinations
B97: LTE CA | C97: UL CA : CA_3C, CA_40C DL CA: CA_3C, CA_40C, CA_1A-1A, CA_1A-28A, CA_1A-3A, CA_1A-5A, CA_3A-28A, CA_3A-3A, CA_3A-40A, CA_3A-5A, CA_3A-20A
B98: EN-DC | C98: Not supported
B99: SA | C99: Not supported

Sheet CAT->streams LUT
A1: 4 | B1: 2
A2: 6 | B2: 4
A3: 7 | B3: 4
A4: 9 | B4: 6
A5: 10 | B5: 6
A6: 11 | B6: 6
A7: 12 | B7: 6
A8: 13 | B8: 4
A9: 15 | B9: 8
A10: 16 | B10: 10
A11: 18 | B11: 12
A12: 19 | B12: 16
... A15: 22 | B15: 24

Sheet LTE CA_BE
A1: User Equipment Requirement | B1: LTE#Bands | C1: LTE#CC | D1: LTE#SS | E1: Input | F1: 1A2 | G1: 1A4 | H1: 3A2 | I1: 3A4 | J1: 3C2 | K1: 3C4 | L1: 5A2 | M1: 7A2 | N1: 7A4 | O1: 7C2 | P1: 7C4 | Q1: 26A2 | R1: 26(2A)22 | S1: 28A2 | T1: True SUM | U1: Band# Comply | V1: Input Logic | W1: Band/Input Comply | X1: CC# Comply | Y1: SS# Comply | Z1: CC#/SS# Comply | AA1: Support
A3: CA_1A4-3C4-7C4-28A2 | B3: 4 | C3: 6 | D3: 22 | E3: =IF('LTE CA'!K5="Y", "Y", IF('LTE CA'!K5="N", "N", 0)) -> N | F3: =IFERROR(AND(OR(F1:G2,$V3)=TRUE,IF(SEARCH(F$1,$A3)>0,TRUE,FALSE)),"") | G3: =IFERROR(AND(OR(G1:G2,$V3)=TRUE,IF(SEARCH(G$1,$A3)>0,TRUE,FALSE)),"") -> FALSE | H3: =IFERROR(AND(OR(H1:K2,$V3)=TRUE,IF(SEARCH(H$1,$A3)>0,TRUE,FALSE)),"") | I3: =IFERROR(AND(OR(I1:K2,$V3)=TRUE,IF(SEARCH(I$1,$A3)>0,TRUE,FALSE)),"") | J3: =IFERROR(AND(OR(J1:K2,$V3)=TRUE,IF(SEARCH(J$1,$A3)>0,TRUE,FALSE)),"") | K3: =IFERROR(AND(OR(K1:K2,$V3)=TRUE,IF(SEARCH(K$1,$A3)>0,TRUE,FALSE)),"") -> FALSE | L3: =IFERROR(AND(OR(L1:L2,$V3)=TRUE,IF(SEARCH(L$1,$A3)>0,TRUE,FALSE)),"") | M3: =IFERROR(AND(OR(M1:P2,$V3)=TRUE,IF(SEARCH(M$1,$A3)>0,TRUE,FALSE)),"") | N3: =IFERROR(AND(OR(N1:P2,$V3)=TRUE,IF(SEARCH(N$1,$A3)>0,TRUE,FALSE)),"") | O3: =IFERROR(AND(OR(O1:P2,$V3)=TRUE,IF(SEARCH(O$1,$A3)>0,TRUE,FALSE)),"") | P3: =IFERROR(AND(OR(P1:P2,$V3)=TRUE,IF(SEARCH(P$1,$A3)>0,TRUE,FALSE)),"") -> FALSE | Q3: =IFERROR(AND(OR(Q1:R2,$V3)=TRUE,IF(SEARCH(Q$1,$A3)>0,TRUE,FALSE)),"") | R3: =IFERROR(AND(OR(R1:R2,$V3)=TRUE,IF(SEARCH(R$1,$A3)>0,TRUE,FALSE)),"") | S3: =IFERROR(AND(OR(S1:S2,$V3)=TRUE,IF(SEARCH(S$1,$A3)>0,TRUE,FALSE)),"") -> FALSE | T3: =COUNTIF(F3:S3,TRUE) -> 0 | U3: =IFERROR(AND(F3:S3), TRUE) -> FALSE | V3: =IF(E3="Y",TRUE,IF(E3="N",FALSE,0)) -> FALSE | W3: =IF(V3=FALSE, FALSE, U3) -> FALSE | X3: =IF(C3>'Overview (RESPONSES REQUIRED)'!$C$31,FALSE,TRUE) -> FALSE | Y3: =IF(D3>'Overview (RESPONSES REQUIRED)'!$C$34,FALSE,TRUE) -> FALSE | Z3: =AND(X3:Y3) -> FALSE | AA3: =IF(Z3=FALSE,"N",IF(W3=TRUE,"Y",IF(E3=0,"E","N"))) -> N
A4: CA_1A2-3C4-7C4-28A2 | B4: 4 | C4: 6 | D4: 20 | E4: =IF('LTE CA'!K6="Y", "Y", IF('LTE CA'!K6="N", "N", 0)) -> N | F4: =IFERROR(AND(OR(F1:G3,$V4)=TRUE,IF(SEARCH(F$1,$A4)>0,TRUE,FALSE)),"") -> FALSE | G4: =IFERROR(AND(OR(G1:G3,$V4)=TRUE,IF(SEARCH(G$1,$A4)>0,TRUE,FALSE)),"") | H4: =IFERROR(AND(OR(H1:K3,$V4)=TRUE,IF(SEARCH(H$1,$A4)>0,TRUE,FALSE)),"") | I4: =IFERROR(AND(OR(I1:K3,$V4)=TRUE,IF(SEARCH(I$1,$A4)>0,TRUE,FALSE)),"") | J4: =IFERROR(AND(OR(J1:K3,$V4)=TRUE,IF(SEARCH(J$1,$A4)>0,TRUE,FALSE)),"") | K4: =IFERROR(AND(OR(K1:K3,$V4)=TRUE,IF(SEARCH(K$1,$A4)>0,TRUE,FALSE)),"") -> FALSE | L4: =IFERROR(AND(OR(L1:L3,$V4)=TRUE,IF(SEARCH(L$1,$A4)>0,TRUE,FALSE)),"") | M4: =IFERROR(AND(OR(M1:P3,$V4)=TRUE,IF(SEARCH(M$1,$A4)>0,TRUE,FALSE)),"") | N4: =IFERROR(AND(OR(N1:P3,$V4)=TRUE,IF(SEARCH(N$1,$A4)>0,TRUE,FALSE)),"") | O4: =IFERROR(AND(OR(O1:P3,$V4)=TRUE,IF(SEARCH(O$1,$A4)>0,TRUE,FALSE)),"") | P4: =IFERROR(AND(OR(P1:P3,$V4)=TRUE,IF(SEARCH(P$1,$A4)>0,TRUE,FALSE)),"") -> FALSE | Q4: =IFERROR(AND(OR(Q1:R3,$V4)=TRUE,IF(SEARCH(Q$1,$A4)>0,TRUE,FALSE)),"") | R4: =IFERROR(AND(OR(R1:R3,$V4)=TRUE,IF(SEARCH(R$1,$A4)>0,TRUE,FALSE)),"") | S4: =IFERROR(AND(OR(S1:S3,$V4)=TRUE,IF(SEARCH(S$1,$A4)>0,TRUE,FALSE)),"") -> FALSE | T4: =COUNTIF(F4:S4,TRUE) -> 0 | U4: =IFERROR(AND(F4:S4), TRUE) -> FALSE | V4: =IF(E4="Y",TRUE,IF(E4="N",FALSE,0)) -> FALSE | W4: =IF(V4=FALSE, FALSE, U4) -> FALSE | X4: =IF(C4>'Overview (RESPONSES REQUIRED)'!$C$31,FALSE,TRUE) -> FALSE | Y4: =IF(D4>'Overview (RESPONSES REQUIRED)'!$C$34,FALSE,TRUE) -> FALSE | Z4: =AND(X4:Y4) -> FALSE | AA4: =IF(Z4=FALSE,"N",IF(W4=TRUE,"Y",IF(E4=0,"E","N"))) -> N
A5: CA_1A4-3C4-7C2-28A2 | B5: 4 | C5: 6 | D5: 18 | E5: =IF('LTE CA'!K7="Y", "Y", IF('LTE CA'!K7="N", "N", 0)) -> N | F5: =IFERROR(AND(OR(F1:G4,$V5)=TRUE,IF(SEARCH(F$1,$A5)>0,TRUE,FALSE)),"") | G5: =IFERROR(AND(OR(G1:G4,$V5)=TRUE,IF(SEARCH(G$1,$A5)>0,TRUE,FALSE)),"") -> FALSE | H5: =IFERROR(AND(OR(H1:K4,$V5)=TRUE,IF(SEARCH(H$1,$A5)>0,TRUE,FALSE)),"") | I5: =IFERROR(AND(OR(I1:K4,$V5)=TRUE,IF(SEARCH(I$1,$A5)>0,TRUE,FALSE)),"") | J5: =IFERROR(AND(OR(J1:K4,$V5)=TRUE,IF(SEARCH(J$1,$A5)>0,TRUE,FALSE)),"") | K5: =IFERROR(AND(OR(K1:K4,$V5)=TRUE,IF(SEARCH(K$1,$A5)>0,TRUE,FALSE)),"") -> FALSE | L5: =IFERROR(AND(OR(L1:L4,$V5)=TRUE,IF(SEARCH(L$1,$A5)>0,TRUE,FALSE)),"") | M5: =IFERROR(AND(OR(M1:P4,$V5)=TRUE,IF(SEARCH(M$1,$A5)>0,TRUE,FALSE)),"") | N5: =IFERROR(AND(OR(N1:P4,$V5)=TRUE,IF(SEARCH(N$1,$A5)>0,TRUE,FALSE)),"") | O5: =IFERROR(AND(OR(O1:P4,$V5)=TRUE,IF(SEARCH(O$1,$A5)>0,TRUE,FALSE)),"") -> FALSE | P5: =IFERROR(AND(OR(P1:P4,$V5)=TRUE,IF(SEARCH(P$1,$A5)>0,TRUE,FALSE)),"") | Q5: =IFERROR(AND(OR(Q1:R4,$V5)=TRUE,IF(SEARCH(Q$1,$A5)>0,TRUE,FALSE)),"") | R5: =IFERROR(AND(OR(R1:R4,$V5)=TRUE,IF(SEARCH(R$1,$A5)>0,TRUE,FALSE)),"") | S5: =IFERROR(AND(OR(S1:S4,$V5)=TRUE,IF(SEARCH(S$1,$A5)>0,TRUE,FALSE)),"") -> FALSE | T5: =COUNTIF(F5:S5,TRUE) -> 0 | U5: =IFERROR(AND(F5:S5), TRUE) -> FALSE | V5: =IF(E5="Y",TRUE,IF(E5="N",FALSE,0)) -> FALSE | W5: =IF(V5=FALSE, FALSE, U5) -> FALSE | X5: =IF(C5>'Overview (RESPONSES REQUIRED)'!$C$31,FALSE,TRUE) -> FALSE | Y5: =IF(D5>'Overview (RESPONSES REQUIRED)'!$C$34,FALSE,TRUE) -> FALSE | Z5: =AND(X5:Y5) -> FALSE | AA5: =IF(Z5=FALSE,"N",IF(W5=TRUE,"Y",IF(E5=0,"E","N"))) -> N
A6: CA_1A4-3C2-7C4-28A2 | B6: 4 | C6: 6 | D6: 18 | E6: =IF('LTE CA'!K8="Y", "Y", IF('LTE CA'!K8="N", "N", 0)) -> N | F6: =IFERROR(AND(OR(F1:G5,$V6)=TRUE,IF(SEARCH(F$1,$A6)>0,TRUE,FALSE)),"") | G6: =IFERROR(AND(OR(G1:G5,$V6)=TRUE,IF(SEARCH(G$1,$A6)>0,TRUE,FALSE)),"") -> FALSE | H6: =IFERROR(AND(OR(H1:K5,$V6)=TRUE,IF(SEARCH(H$1,$A6)>0,TRUE,FALSE)),"") | I6: =IFERROR(AND(OR(I1:K5,$V6)=TRUE,IF(SEARCH(I$1,$A6)>0,TRUE,FALSE)),"") | J6: =IFERROR(AND(OR(J1:K5,$V6)=TRUE,IF(SEARCH(J$1,$A6)>0,TRUE,FALSE)),"") -> FALSE | K6: =IFERROR(AND(OR(K1:K5,$V6)=TRUE,IF(SEARCH(K$1,$A6)>0,TRUE,FALSE)),"") | L6: =IFERROR(AND(OR(L1:L5,$V6)=TRUE,IF(SEARCH(L$1,$A6)>0,TRUE,FALSE)),"") | M6: =IFERROR(AND(OR(M1:P5,$V6)=TRUE,IF(SEARCH(M$1,$A6)>0,TRUE,FALSE)),"") | N6: =IFERROR(AND(OR(N1:P5,$V6)=TRUE,IF(SEARCH(N$1,$A6)>0,TRUE,FALSE)),"") | O6: =IFERROR(AND(OR(O1:P5,$V6)=TRUE,IF(SEARCH(O$1,$A6)>0,TRUE,FALSE)),"") | P6: =IFERROR(AND(OR(P1:P5,$V6)=TRUE,IF(SEARCH(P$1,$A6)>0,TRUE,FALSE)),"") -> FALSE | Q6: =IFERROR(AND(OR(Q1:R5,$V6)=TRUE,IF(SEARCH(Q$1,$A6)>0,TRUE,FALSE)),"") | R6: =IFERROR(AND(OR(R1:R5,$V6)=TRUE,IF(SEARCH(R$1,$A6)>0,TRUE,FALSE)),"") | S6: =IFERROR(AND(OR(S1:S5,$V6)=TRUE,IF(SEARCH(S$1,$A6)>0,TRUE,FALSE)),"") -> FALSE | T6: =COUNTIF(F6:S6,TRUE) -> 0 | U6: =IFERROR(AND(F6:S6), TRUE) -> FALSE | V6: =IF(E6="Y",TRUE,IF(E6="N",FALSE,0)) -> FALSE | W6: =IF(V6=FALSE, FALSE, U6) -> FALSE | X6: =IF(C6>'Overview (RESPONSES REQUIRED)'!$C$31,FALSE,TRUE) -> FALSE | Y6: =IF(D6>'Overview (RESPONSES REQUIRED)'!$C$34,FALSE,TRUE) -> FALSE | Z6: =AND(X6:Y6) -> FALSE | AA6: =IF(Z6=FALSE,"N",IF(W6=TRUE,"Y",IF(E6=0,"E","N"))) -> N
A7: CA_1A4-3A4-7C4-28A2 | B7: 4 | C7: 5 | D7: 18 | E7: =IF('LTE CA'!K9="Y", "Y", IF('LTE CA'!K9="N", "N", 0)) -> N | F7: =IFERROR(AND(OR(F1:G6,$V7)=TRUE,IF(SEARCH(F$1,$A7)>0,TRUE,FALSE)),"") | G7: =IFERROR(AND(OR(G1:G6,$V7)=TRUE,IF(SEARCH(G$1,$A7)>0,TRUE,FALSE)),"") -> FALSE | H7: =IFERROR(AND(OR(H1:K6,$V7)=TRUE,IF(SEARCH(H$1,$A7)>0,TRUE,FALSE)),"") | I7: =IFERROR(AND(OR(I1:K6,$V7)=TRUE,IF(SEARCH(I$1,$A7)>0,TRUE,FALSE)),"") -> FALSE | J7: =IFERROR(AND(OR(J1:K6,$V7)=TRUE,IF(SEARCH(J$1,$A7)>0,TRUE,FALSE)),"") | K7: =IFERROR(AND(OR(K1:K6,$V7)=TRUE,IF(SEARCH(K$1,$A7)>0,TRUE,FALSE)),"") | L7: =IFERROR(AND(OR(L1:L6,$V7)=TRUE,IF(SEARCH(L$1,$A7)>0,TRUE,FALSE)),"") | M7: =IFERROR(AND(OR(M1:P6,$V7)=TRUE,IF(SEARCH(M$1,$A7)>0,TRUE,FALSE)),"") | N7: =IFERROR(AND(OR(N1:P6,$V7)=TRUE,IF(SEARCH(N$1,$A7)>0,TRUE,FALSE)),"") | O7: =IFERROR(AND(OR(O1:P6,$V7)=TRUE,IF(SEARCH(O$1,$A7)>0,TRUE,FALSE)),"") | P7: =IFERROR(AND(OR(P1:P6,$V7)=TRUE,IF(SEARCH(P$1,$A7)>0,TRUE,FALSE)),"") -> FALSE | Q7: =IFERROR(AND(OR(Q1:R6,$V7)=TRUE,IF(SEARCH(Q$1,$A7)>0,TRUE,FALSE)),"") | R7: =IFERROR(AND(OR(R1:R6,$V7)=TRUE,IF(SEARCH(R$1,$A7)>0,TRUE,FALSE)),"") | S7: =IFERROR(AND(OR(S1:S6,$V7)=TRUE,IF(SEARCH(S$1,$A7)>0,TRUE,FALSE)),"") -> FALSE | T7: =COUNTIF(F7:S7,TRUE) -> 0 | U7: =IFERROR(AND(F7:S7), TRUE) -> FALSE | V7: =IF(E7="Y",TRUE,IF(E7="N",FALSE,0)) -> FALSE | W7: =IF(V7=FALSE, FALSE, U7) -> FALSE | X7: =IF(C7>'Overview (RESPONSES REQUIRED)'!$C$31,FALSE,TRUE) -> FALSE | Y7: =IF(D7>'Overview (RESPONSES REQUIRED)'!$C$34,FALSE,TRUE) -> FALSE | Z7: =AND(X7:Y7) -> FALSE | AA7: =IF(Z7=FALSE,"N",IF(W7=TRUE,"Y",IF(E7=0,"E","N"))) -> N
A8: CA_1A4-3C4-7A4-28A2 | B8: 4 | C8: 5 | D8: 18 | E8: =IF('LTE CA'!K10="Y", "Y", IF('LTE CA'!K10="N", "N", 0)) -> N | F8: =IFERROR(AND(OR(F1:G7,$V8)=TRUE,IF(SEARCH(F$1,$A8)>0,TRUE,FALSE)),"") | G8: =IFERROR(AND(OR(G1:G7,$V8)=TRUE,IF(SEARCH(G$1,$A8)>0,TRUE,FALSE)),"") -> FALSE | H8: =IFERROR(AND(OR(H1:K7,$V8)=TRUE,IF(SEARCH(H$1,$A8)>0,TRUE,FALSE)),"") | I8: =IFERROR(AND(OR(I1:K7,$V8)=TRUE,IF(SEARCH(I$1,$A8)>0,TRUE,FALSE)),"") | J8: =IFERROR(AND(OR(J1:K7,$V8)=TRUE,IF(SEARCH(J$1,$A8)>0,TRUE,FALSE)),"") | K8: =IFERROR(AND(OR(K1:K7,$V8)=TRUE,IF(SEARCH(K$1,$A8)>0,TRUE,FALSE)),"") -> FALSE | L8: =IFERROR(AND(OR(L1:L7,$V8)=TRUE,IF(SEARCH(L$1,$A8)>0,TRUE,FALSE)),"") | M8: =IFERROR(AND(OR(M1:P7,$V8)=TRUE,IF(SEARCH(M$1,$A8)>0,TRUE,FALSE)),"") | N8: =IFERROR(AND(OR(N1:P7,$V8)=TRUE,IF(SEARCH(N$1,$A8)>0,TRUE,FALSE)),"") -> FALSE | O8: =IFERROR(AND(OR(O1:P7,$V8)=TRUE,IF(SEARCH(O$1,$A8)>0,TRUE,FALSE)),"") | P8: =IFERROR(AND(OR(P1:P7,$V8)=TRUE,IF(SEARCH(P$1,$A8)>0,TRUE,FALSE)),"") | Q8: =IFERROR(AND(OR(Q1:R7,$V8)=TRUE,IF(SEARCH(Q$1,$A8)>0,TRUE,FALSE)),"") | R8: =IFERROR(AND(OR(R1:R7,$V8)=TRUE,IF(SEARCH(R$1,$A8)>0,TRUE,FALSE)),"") | S8: =IFERROR(AND(OR(S1:S7,$V8)=TRUE,IF(SEARCH(S$1,$A8)>0,TRUE,FALSE)),"") -> FALSE | T8: =COUNTIF(F8:S8,TRUE) -> 0 | U8: =IFERROR(AND(F8:S8), TRUE) -> FALSE | V8: =IF(E8="Y",TRUE,IF(E8="N",FALSE,0)) -> FALSE | W8: =IF(V8=FALSE, FALSE, U8) -> FALSE | X8: =IF(C8>'Overview (RESPONSES REQUIRED)'!$C$31,FALSE,TRUE) -> FALSE | Y8: =IF(D8>'Overview (RESPONSES REQUIRED)'!$C$34,FALSE,TRUE) -> FALSE | Z8: =AND(X8:Y8) -> FALSE | AA8: =IF(Z8=FALSE,"N",IF(W8=TRUE,"Y",IF(E8=0,"E","N"))) -> N
A9: CA_1A2-3C2-7C4-28A2 | B9: 4 | C9: 6 | D9: 16 | E9: =IF('LTE CA'!K11="Y", "Y", IF('LTE CA'!K11="N", "N", 0)) -> N | F9: =IFERROR(AND(OR(F1:G8,$V9)=TRUE,IF(SEARCH(F$1,$A9)>0,TRUE,FALSE)),"") -> FALSE | G9: =IFERROR(AND(OR(G1:G8,$V9)=TRUE,IF(SEARCH(G$1,$A9)>0,TRUE,FALSE)),"") | H9: =IFERROR(AND(OR(H1:K8,$V9)=TRUE,IF(SEARCH(H$1,$A9)>0,TRUE,FALSE)),"") | I9: =IFERROR(AND(OR(I1:K8,$V9)=TRUE,IF(SEARCH(I$1,$A9)>0,TRUE,FALSE)),"") | J9: =IFERROR(AND(OR(J1:K8,$V9)=TRUE,IF(SEARCH(J$1,$A9)>0,TRUE,FALSE)),"") -> FALSE | K9: =IFERROR(AND(OR(K1:K8,$V9)=TRUE,IF(SEARCH(K$1,$A9)>0,TRUE,FALSE)),"") | L9: =IFERROR(AND(OR(L1:L8,$V9)=TRUE,IF(SEARCH(L$1,$A9)>0,TRUE,FALSE)),"") | M9: =IFERROR(AND(OR(M1:P8,$V9)=TRUE,IF(SEARCH(M$1,$A9)>0,TRUE,FALSE)),"") | N9: =IFERROR(AND(OR(N1:P8,$V9)=TRUE,IF(SEARCH(N$1,$A9)>0,TRUE,FALSE)),"") | O9: =IFERROR(AND(OR(O1:P8,$V9)=TRUE,IF(SEARCH(O$1,$A9)>0,TRUE,FALSE)),"") | P9: =IFERROR(AND(OR(P1:P8,$V9)=TRUE,IF(SEARCH(P$1,$A9)>0,TRUE,FALSE)),"") -> FALSE | Q9: =IFERROR(AND(OR(Q1:R8,$V9)=TRUE,IF(SEARCH(Q$1,$A9)>0,TRUE,FALSE)),"") | R9: =IFERROR(AND(OR(R1:R8,$V9)=TRUE,IF(SEARCH(R$1,$A9)>0,TRUE,FALSE)),"") | S9: =IFERROR(AND(OR(S1:S8,$V9)=TRUE,IF(SEARCH(S$1,$A9)>0,TRUE,FALSE)),"") -> FALSE | T9: =COUNTIF(F9:S9,TRUE) -> 0 | U9: =IFERROR(AND(F9:S9), TRUE) -> FALSE | V9: =IF(E9="Y",TRUE,IF(E9="N",FALSE,0)) -> FALSE | W9: =IF(V9=FALSE, FALSE, U9) -> FALSE | X9: =IF(C9>'Overview (RESPONSES REQUIRED)'!$C$31,FALSE,TRUE) -> FALSE | Y9: =IF(D9>'Overview (RESPONSES REQUIRED)'!$C$34,FALSE,TRUE) -> FALSE | Z9: =AND(X9:Y9) -> FALSE | AA9: =IF(Z9=FALSE,"N",IF(W9=TRUE,"Y",IF(E9=0,"E","N"))) -> N
A10: CA_1A2-3C4-7C2-28A2 | B10: 4 | C10: 6 | D10: 16 | E10: =IF('LTE CA'!K12="Y", "Y", IF('LTE CA'!K12="N", "N", 0)) -> N | F10: =IFERROR(AND(OR(F1:G9,$V10)=TRUE,IF(SEARCH(F$1,$A10)>0,TRUE,FALSE)),"") -> FALSE | G10: =IFERROR(AND(OR(G1:G9,$V10)=TRUE,IF(SEARCH(G$1,$A10)>0,TRUE,FALSE)),"") | H10: =IFERROR(AND(OR(H1:K9,$V10)=TRUE,IF(SEARCH(H$1,$A10)>0,TRUE,FALSE)),"") | I10: =IFERROR(AND(OR(I1:K9,$V10)=TRUE,IF(SEARCH(I$1,$A10)>0,TRUE,FALSE)),"") | J10: =IFERROR(AND(OR(J1:K9,$V10)=TRUE,IF(SEARCH(J$1,$A10)>0,TRUE,FALSE)),"") | K10: =IFERROR(AND(OR(K1:K9,$V10)=TRUE,IF(SEARCH(K$1,$A10)>0,TRUE,FALSE)),"") -> FALSE | L10: =IFERROR(AND(OR(L1:L9,$V10)=TRUE,IF(SEARCH(L$1,$A10)>0,TRUE,FALSE)),"") | M10: =IFERROR(AND(OR(M1:P9,$V10)=TRUE,IF(SEARCH(M$1,$A10)>0,TRUE,FALSE)),"") | N10: =IFERROR(AND(OR(N1:P9,$V10)=TRUE,IF(SEARCH(N$1,$A10)>0,TRUE,FALSE)),"") | O10: =IFERROR(AND(OR(O1:P9,$V10)=TRUE,IF(SEARCH(O$1,$A10)>0,TRUE,FALSE)),"") -> FALSE | P10: =IFERROR(AND(OR(P1:P9,$V10)=TRUE,IF(SEARCH(P$1,$A10)>0,TRUE,FALSE)),"") | Q10: =IFERROR(AND(OR(Q1:R9,$V10)=TRUE,IF(SEARCH(Q$1,$A10)>0,TRUE,FALSE)),"") | R10: =IFERROR(AND(OR(R1:R9,$V10)=TRUE,IF(SEARCH(R$1,$A10)>0,TRUE,FALSE)),"") | S10: =IFERROR(AND(OR(S1:S9,$V10)=TRUE,IF(SEARCH(S$1,$A10)>0,TRUE,FALSE)),"") -> FALSE | T10: =COUNTIF(F10:S10,TRUE) -> 0 | U10: =IFERROR(AND(F10:S10), TRUE) -> FALSE | V10: =IF(E10="Y",TRUE,IF(E10="N",FALSE,0)) -> FALSE | W10: =IF(V10=FALSE, FALSE, U10) -> FALSE | X10: =IF(C10>'Overview (RESPONSES REQUIRED)'!$C$31,FALSE,TRUE) -> FALSE | Y10: =IF(D10>'Overview (RESPONSES REQUIRED)'!$C$34,FALSE,TRUE) -> FALSE | Z10: =AND(X10:Y10) -> FALSE | AA10: =IF(Z10=FALSE,"N",IF(W10=TRUE,"Y",IF(E10=0,"E","N"))) -> N
A11: CA_1A2-3A4-7C4-28A2 | B11: 4 | C11: 5 | D11: 16 | E11: =IF('LTE CA'!K13="Y", "Y", IF('LTE CA'!K13="N", "N", 0)) -> N | F11: =IFERROR(AND(OR(F1:G10,$V11)=TRUE,IF(SEARCH(F$1,$A11)>0,TRUE,FALSE)),"") -> FALSE | G11: =IFERROR(AND(OR(G1:G10,$V11)=TRUE,IF(SEARCH(G$1,$A11)>0,TRUE,FALSE)),"") | H11: =IFERROR(AND(OR(H1:K10,$V11)=TRUE,IF(SEARCH(H$1,$A11)>0,TRUE,FALSE)),"") | I11: =IFERROR(AND(OR(I1:K10,$V11)=TRUE,IF(SEARCH(I$1,$A11)>0,TRUE,FALSE)),"") -> FALSE | J11: =IFERROR(AND(OR(J1:K10,$V11)=TRUE,IF(SEARCH(J$1,$A11)>0,TRUE,FALSE)),"") | K11: =IFERROR(AND(OR(K1:K10,$V11)=TRUE,IF(SEARCH(K$1,$A11)>0,TRUE,FALSE)),"") | L11: =IFERROR(AND(OR(L1:L10,$V11)=TRUE,IF(SEARCH(L$1,$A11)>0,TRUE,FALSE)),"") | M11: =IFERROR(AND(OR(M1:P10,$V11)=TRUE,IF(SEARCH(M$1,$A11)>0,TRUE,FALSE)),"") | N11: =IFERROR(AND(OR(N1:P10,$V11)=TRUE,IF(SEARCH(N$1,$A11)>0,TRUE,FALSE)),"") | O11: =IFERROR(AND(OR(O1:P10,$V11)=TRUE,IF(SEARCH(O$1,$A11)>0,TRUE,FALSE)),"") | P11: =IFERROR(AND(OR(P1:P10,$V11)=TRUE,IF(SEARCH(P$1,$A11)>0,TRUE,FALSE)),"") -> FALSE | Q11: =IFERROR(AND(OR(Q1:R10,$V11)=TRUE,IF(SEARCH(Q$1,$A11)>0,TRUE,FALSE)),"") | R11: =IFERROR(AND(OR(R1:R10,$V11)=TRUE,IF(SEARCH(R$1,$A11)>0,TRUE,FALSE)),"") | S11: =IFERROR(AND(OR(S1:S10,$V11)=TRUE,IF(SEARCH(S$1,$A11)>0,TRUE,FALSE)),"") -> FALSE | T11: =COUNTIF(F11:S11,TRUE) -> 0 | U11: =IFERROR(AND(F11:S11), TRUE) -> FALSE | V11: =IF(E11="Y",TRUE,IF(E11="N",FALSE,0)) -> FALSE | W11: =IF(V11=FALSE, FALSE, U11) -> FALSE | X11: =IF(C11>'Overview (RESPONSES REQUIRED)'!$C$31,FALSE,TRUE) -> FALSE | Y11: =IF(D11>'Overview (RESPONSES REQUIRED)'!$C$34,FALSE,TRUE) -> FALSE | Z11: =AND(X11:Y11) -> FALSE | AA11: =IF(Z11=FALSE,"N",IF(W11=TRUE,"Y",IF(E11=0,"E","N"))) -> N
A12: CA_1A2-3C4-7A4-28A2 | B12: 4 | C12: 5 | D12: 16 | E12: =IF('LTE CA'!K14="Y", "Y", IF('LTE CA'!K14="N", "N", 0)) -> N | F12: =IFERROR(AND(OR(F1:G11,$V12)=TRUE,IF(SEARCH(F$1,$A12)>0,TRUE,FALSE)),"") -> FALSE | G12: =IFERROR(AND(OR(G1:G11,$V12)=TRUE,IF(SEARCH(G$1,$A12)>0,TRUE,FALSE)),"") | H12: =IFERROR(AND(OR(H1:K11,$V12)=TRUE,IF(SEARCH(H$1,$A12)>0,TRUE,FALSE)),"") | I12: =IFERROR(AND(OR(I1:K11,$V12)=TRUE,IF(SEARCH(I$1,$A12)>0,TRUE,FALSE)),"") | J12: =IFERROR(AND(OR(J1:K11,$V12)=TRUE,IF(SEARCH(J$1,$A12)>0,TRUE,FALSE)),"") | K12: =IFERROR(AND(OR(K1:K11,$V12)=TRUE,IF(SEARCH(K$1,$A12)>0,TRUE,FALSE)),"") -> FALSE | L12: =IFERROR(AND(OR(L1:L11,$V12)=TRUE,IF(SEARCH(L$1,$A12)>0,TRUE,FALSE)),"") | M12: =IFERROR(AND(OR(M1:P11,$V12)=TRUE,IF(SEARCH(M$1,$A12)>0,TRUE,FALSE)),"") | N12: =IFERROR(AND(OR(N1:P11,$V12)=TRUE,IF(SEARCH(N$1,$A12)>0,TRUE,FALSE)),"") -> FALSE | O12: =IFERROR(AND(OR(O1:P11,$V12)=TRUE,IF(SEARCH(O$1,$A12)>0,TRUE,FALSE)),"") | P12: =IFERROR(AND(OR(P1:P11,$V12)=TRUE,IF(SEARCH(P$1,$A12)>0,TRUE,FALSE)),"") | Q12: =IFERROR(AND(OR(Q1:R11,$V12)=TRUE,IF(SEARCH(Q$1,$A12)>0,TRUE,FALSE)),"") | R12: =IFERROR(AND(OR(R1:R11,$V12)=TRUE,IF(SEARCH(R$1,$A12)>0,TRUE,FALSE)),"") | S12: =IFERROR(AND(OR(S1:S11,$V12)=TRUE,IF(SEARCH(S$1,$A12)>0,TRUE,FALSE)),"") -> FALSE | T12: =COUNTIF(F12:S12,TRUE) -> 0 | U12: =IFERROR(AND(F12:S12), TRUE) -> FALSE | V12: =IF(E12="Y",TRUE,IF(E12="N",FALSE,0)) -> FALSE | W12: =IF(V12=FALSE, FALSE, U12) -> FALSE | X12: =IF(C12>'Overview (RESPONSES REQUIRED)'!$C$31,FALSE,TRUE) -> FALSE | Y12: =IF(D12>'Overview (RESPONSES REQUIRED)'!$C$34,FALSE,TRUE) -> FALSE | Z12: =AND(X12:Y12) -> FALSE | AA12: =IF(Z12=FALSE,"N",IF(W12=TRUE,"Y",IF(E12=0,"E","N"))) -> N
A13: CA_1A4-3C2-7C2-28A2 | B13: 4 | C13: 6 | D13: 14 | E13: =IF('LTE CA'!K15="Y", "Y", IF('LTE CA'!K15="N", "N", 0)) -> N | F13: =IFERROR(AND(OR(F1:G12,$V13)=TRUE,IF(SEARCH(F$1,$A13)>0,TRUE,FALSE)),"") | G13: =IFERROR(AND(OR(G1:G12,$V13)=TRUE,IF(SEARCH(G$1,$A13)>0,TRUE,FALSE)),"") -> FALSE | H13: =IFERROR(AND(OR(H1:K12,$V13)=TRUE,IF(SEARCH(H$1,$A13)>0,TRUE,FALSE)),"") | I13: =IFERROR(AND(OR(I1:K12,$V13)=TRUE,IF(SEARCH(I$1,$A13)>0,TRUE,FALSE)),"") | J13: =IFERROR(AND(OR(J1:K12,$V13)=TRUE,IF(SEARCH(J$1,$A13)>0,TRUE,FALSE)),"") -> FALSE | K13: =IFERROR(AND(OR(K1:K12,$V13)=TRUE,IF(SEARCH(K$1,$A13)>0,TRUE,FALSE)),"") | L13: =IFERROR(AND(OR(L1:L12,$V13)=TRUE,IF(SEARCH(L$1,$A13)>0,TRUE,FALSE)),"") | M13: =IFERROR(AND(OR(M1:P12,$V13)=TRUE,IF(SEARCH(M$1,$A13)>0,TRUE,FALSE)),"") | N13: =IFERROR(AND(OR(N1:P12,$V13)=TRUE,IF(SEARCH(N$1,$A13)>0,TRUE,FALSE)),"") | O13: =IFERROR(AND(OR(O1:P12,$V13)=TRUE,IF(SEARCH(O$1,$A13)>0,TRUE,FALSE)),"") -> FALSE | P13: =IFERROR(AND(OR(P1:P12,$V13)=TRUE,IF(SEARCH(P$1,$A13)>0,TRUE,FALSE)),"") | Q13: =IFERROR(AND(OR(Q1:R12,$V13)=TRUE,IF(SEARCH(Q$1,$A13)>0,TRUE,FALSE)),"") | R13: =IFERROR(AND(OR(R1:R12,$V13)=TRUE,IF(SEARCH(R$1,$A13)>0,TRUE,FALSE)),"") | S13: =IFERROR(AND(OR(S1:S12,$V13)=TRUE,IF(SEARCH(S$1,$A13)>0,TRUE,FALSE)),"") -> FALSE | T13: =COUNTIF(F13:S13,TRUE) -> 0 | U13: =IFERROR(AND(F13:S13), TRUE) -> FALSE | V13: =IF(E13="Y",TRUE,IF(E13="N",FALSE,0)) -> FALSE | W13: =IF(V13=FALSE, FALSE, U13) -> FALSE | X13: =IF(C13>'Overview (RESPONSES REQUIRED)'!$C$31,FALSE,TRUE) -> FALSE | Y13: =IF(D13>'Overview (RESPONSES REQUIRED)'!$C$34,FALSE,TRUE) -> FALSE | Z13: =AND(X13:Y13) -> FALSE | AA13: =IF(Z13=FALSE,"N",IF(W13=TRUE,"Y",IF(E13=0,"E","N"))) -> N
A14: CA_1A2-3A2-7C4-28A2 | B14: 4 | C14: 5 | D14: 14 | E14: =IF('LTE CA'!K16="Y", "Y", IF('LTE CA'!K16="N", "N", 0)) -> N | F14: =IFERROR(AND(OR(F1:G13,$V14)=TRUE,IF(SEARCH(F$1,$A14)>0,TRUE,FALSE)),"") -> FALSE | G14: =IFERROR(AND(OR(G1:G13,$V14)=TRUE,IF(SEARCH(G$1,$A14)>0,TRUE,FALSE)),"") | H14: =IFERROR(AND(OR(H1:K13,$V14)=TRUE,IF(SEARCH(H$1,$A14)>0,TRUE,FALSE)),"") -> FALSE | I14: =IFERROR(AND(OR(I1:K13,$V14)=TRUE,IF(SEARCH(I$1,$A14)>0,TRUE,FALSE)),"") | J14: =IFERROR(AND(OR(J1:K13,$V14)=TRUE,IF(SEARCH(J$1,$A14)>0,TRUE,FALSE)),"") | K14: =IFERROR(AND(OR(K1:K13,$V14)=TRUE,IF(SEARCH(K$1,$A14)>0,TRUE,FALSE)),"") | L14: =IFERROR(AND(OR(L1:L13,$V14)=TRUE,IF(SEARCH(L$1,$A14)>0,TRUE,FALSE)),"") | M14: =IFERROR(AND(OR(M1:P13,$V14)=TRUE,IF(SEARCH(M$1,$A14)>0,TRUE,FALSE)),"") | N14: =IFERROR(AND(OR(N1:P13,$V14)=TRUE,IF(SEARCH(N$1,$A14)>0,TRUE,FALSE)),"") | O14: =IFERROR(AND(OR(O1:P13,$V14)=TRUE,IF(SEARCH(O$1,$A14)>0,TRUE,FALSE)),"") | P14: =IFERROR(AND(OR(P1:P13,$V14)=TRUE,IF(SEARCH(P$1,$A14)>0,TRUE,FALSE)),"") -> FALSE | Q14: =IFERROR(AND(OR(Q1:R13,$V14)=TRUE,IF(SEARCH(Q$1,$A14)>0,TRUE,FALSE)),"") | R14: =IFERROR(AND(OR(R1:R13,$V14)=TRUE,IF(SEARCH(R$1,$A14)>0,TRUE,FALSE)),"") | S14: =IFERROR(AND(OR(S1:S13,$V14)=TRUE,IF(SEARCH(S$1,$A14)>0,TRUE,FALSE)),"") -> FALSE | T14: =COUNTIF(F14:S14,TRUE) -> 0 | U14: =IFERROR(AND(F14:S14), TRUE) -> FALSE | V14: =IF(E14="Y",TRUE,IF(E14="N",FALSE,0)) -> FALSE | W14: =IF(V14=FALSE, FALSE, U14) -> FALSE | X14: =IF(C14>'Overview (RESPONSES REQUIRED)'!$C$31,FALSE,TRUE) -> FALSE | Y14: =IF(D14>'Overview (RESPONSES REQUIRED)'!$C$34,FALSE,TRUE) -> FALSE | Z14: =AND(X14:Y14) -> FALSE | AA14: =IF(Z14=FALSE,"N",IF(W14=TRUE,"Y",IF(E14=0,"E","N"))) -> N
A15: CA_1A2-3C4-7A2-28A2 | B15: 4 | C15: 5 | D15: 14 | E15: =IF('LTE CA'!K17="Y", "Y", IF('LTE CA'!K17="N", "N", 0)) -> N | F15: =IFERROR(AND(OR(F1:G14,$V15)=TRUE,IF(SEARCH(F$1,$A15)>0,TRUE,FALSE)),"") -> FALSE | G15: =IFERROR(AND(OR(G1:G14,$V15)=TRUE,IF(SEARCH(G$1,$A15)>0,TRUE,FALSE)),"") | H15: =IFERROR(AND(OR(H1:K14,$V15)=TRUE,IF(SEARCH(H$1,$A15)>0,TRUE,FALSE)),"") | I15: =IFERROR(AND(OR(I1:K14,$V15)=TRUE,IF(SEARCH(I$1,$A15)>0,TRUE,FALSE)),"") | J15: =IFERROR(AND(OR(J1:K14,$V15)=TRUE,IF(SEARCH(J$1,$A15)>0,TRUE,FALSE)),"") | K15: =IFERROR(AND(OR(K1:K14,$V15)=TRUE,IF(SEARCH(K$1,$A15)>0,TRUE,FALSE)),"") -> FALSE | L15: =IFERROR(AND(OR(L1:L14,$V15)=TRUE,IF(SEARCH(L$1,$A15)>0,TRUE,FALSE)),"") | M15: =IFERROR(AND(OR(M1:P14,$V15)=TRUE,IF(SEARCH(M$1,$A15)>0,TRUE,FALSE)),"") -> FALSE | N15: =IFERROR(AND(OR(N1:P14,$V15)=TRUE,IF(SEARCH(N$1,$A15)>0,TRUE,FALSE)),"") | O15: =IFERROR(AND(OR(O1:P14,$V15)=TRUE,IF(SEARCH(O$1,$A15)>0,TRUE,FALSE)),"") | P15: =IFERROR(AND(OR(P1:P14,$V15)=TRUE,IF(SEARCH(P$1,$A15)>0,TRUE,FALSE)),"") | Q15: =IFERROR(AND(OR(Q1:R14,$V15)=TRUE,IF(SEARCH(Q$1,$A15)>0,TRUE,FALSE)),"") | R15: =IFERROR(AND(OR(R1:R14,$V15)=TRUE,IF(SEARCH(R$1,$A15)>0,TRUE,FALSE)),"") | S15: =IFERROR(AND(OR(S1:S14,$V15)=TRUE,IF(SEARCH(S$1,$A15)>0,TRUE,FALSE)),"") -> FALSE | T15: =COUNTIF(F15:S15,TRUE) -> 0 | U15: =IFERROR(AND(F15:S15), TRUE) -> FALSE | V15: =IF(E15="Y",TRUE,IF(E15="N",FALSE,0)) -> FALSE | W15: =IF(V15=FALSE, FALSE, U15) -> FALSE | X15: =IF(C15>'Overview (RESPONSES REQUIRED)'!$C$31,FALSE,TRUE) -> FALSE | Y15: =IF(D15>'Overview (RESPONSES REQUIRED)'!$C$34,FALSE,TRUE) -> FALSE | Z15: =AND(X15:Y15) -> FALSE | AA15: =IF(Z15=FALSE,"N",IF(W15=TRUE,"Y",IF(E15=0,"E","N"))) -> N
A16: CA_1A4-3A4-7A4-28A2 | B16: 4 | C16: 4 | D16: 14 | E16: =IF('LTE CA'!K18="Y", "Y", IF('LTE CA'!K18="N", "N", 0)) -> N | F16: =IFERROR(AND(OR(F1:G15,$V16)=TRUE,IF(SEARCH(F$1,$A16)>0,TRUE,FALSE)),"") | G16: =IFERROR(AND(OR(G1:G15,$V16)=TRUE,IF(SEARCH(G$1,$A16)>0,TRUE,FALSE)),"") -> FALSE | H16: =IFERROR(AND(OR(H1:K15,$V16)=TRUE,IF(SEARCH(H$1,$A16)>0,TRUE,FALSE)),"") | I16: =IFERROR(AND(OR(I1:K15,$V16)=TRUE,IF(SEARCH(I$1,$A16)>0,TRUE,FALSE)),"") -> FALSE | J16: =IFERROR(AND(OR(J1:K15,$V16)=TRUE,IF(SEARCH(J$1,$A16)>0,TRUE,FALSE)),"") | K16: =IFERROR(AND(OR(K1:K15,$V16)=TRUE,IF(SEARCH(K$1,$A16)>0,TRUE,FALSE)),"") | L16: =IFERROR(AND(OR(L1:L15,$V16)=TRUE,IF(SEARCH(L$1,$A16)>0,TRUE,FALSE)),"") | M16: =IFERROR(AND(OR(M1:P15,$V16)=TRUE,IF(SEARCH(M$1,$A16)>0,TRUE,FALSE)),"") | N16: =IFERROR(AND(OR(N1:P15,$V16)=TRUE,IF(SEARCH(N$1,$A16)>0,TRUE,FALSE)),"") -> FALSE | O16: =IFERROR(AND(OR(O1:P15,$V16)=TRUE,IF(SEARCH(O$1,$A16)>0,TRUE,FALSE)),"") | P16: =IFERROR(AND(OR(P1:P15,$V16)=TRUE,IF(SEARCH(P$1,$A16)>0,TRUE,FALSE)),"") | Q16: =IFERROR(AND(OR(Q1:R15,$V16)=TRUE,IF(SEARCH(Q$1,$A16)>0,TRUE,FALSE)),"") | R16: =IFERROR(AND(OR(R1:R15,$V16)=TRUE,IF(SEARCH(R$1,$A16)>0,TRUE,FALSE)),"") | S16: =IFERROR(AND(OR(S1:S15,$V16)=TRUE,IF(SEARCH(S$1,$A16)>0,TRUE,FALSE)),"") -> FALSE | T16: =COUNTIF(F16:S16,TRUE) -> 0 | U16: =IFERROR(AND(F16:S16), TRUE) -> FALSE | V16: =IF(E16="Y",TRUE,IF(E16="N",FALSE,0)) -> FALSE | W16: =IF(V16=FALSE, FALSE, U16) -> FALSE | X16: =IF(C16>'Overview (RESPONSES REQUIRED)'!$C$31,FALSE,TRUE) -> FALSE | Y16: =IF(D16>'Overview (RESPONSES REQUIRED)'!$C$34,FALSE,TRUE) -> FALSE | Z16: =AND(X16:Y16) -> FALSE | AA16: =IF(Z16=FALSE,"N",IF(W16=TRUE,"Y",IF(E16=0,"E","N"))) -> N
A17: CA_1A2-3C2-7C2-28A2 | B17: 4 | C17: 6 | D17: 12 | E17: =IF('LTE CA'!K19="Y", "Y", IF('LTE CA'!K19="N", "N", 0)) -> N | F17: =IFERROR(AND(OR(F1:G16,$V17)=TRUE,IF(SEARCH(F$1,$A17)>0,TRUE,FALSE)),"") -> FALSE | G17: =IFERROR(AND(OR(G1:G16,$V17)=TRUE,IF(SEARCH(G$1,$A17)>0,TRUE,FALSE)),"") | H17: =IFERROR(AND(OR(H1:K16,$V17)=TRUE,IF(SEARCH(H$1,$A17)>0,TRUE,FALSE)),"") | I17: =IFERROR(AND(OR(I1:K16,$V17)=TRUE,IF(SEARCH(I$1,$A17)>0,TRUE,FALSE)),"") | J17: =IFERROR(AND(OR(J1:K16,$V17)=TRUE,IF(SEARCH(J$1,$A17)>0,TRUE,FALSE)),"") -> FALSE | K17: =IFERROR(AND(OR(K1:K16,$V17)=TRUE,IF(SEARCH(K$1,$A17)>0,TRUE,FALSE)),"") | L17: =IFERROR(AND(OR(L1:L16,$V17)=TRUE,IF(SEARCH(L$1,$A17)>0,TRUE,FALSE)),"") | M17: =IFERROR(AND(OR(M1:P16,$V17)=TRUE,IF(SEARCH(M$1,$A17)>0,TRUE,FALSE)),"") | N17: =IFERROR(AND(OR(N1:P16,$V17)=TRUE,IF(SEARCH(N$1,$A17)>0,TRUE,FALSE)),"") | O17: =IFERROR(AND(OR(O1:P16,$V17)=TRUE,IF(SEARCH(O$1,$A17)>0,TRUE,FALSE)),"") -> FALSE | P17: =IFERROR(AND(OR(P1:P16,$V17)=TRUE,IF(SEARCH(P$1,$A17)>0,TRUE,FALSE)),"") | Q17: =IFERROR(AND(OR(Q1:R16,$V17)=TRUE,IF(SEARCH(Q$1,$A17)>0,TRUE,FALSE)),"") | R17: =IFERROR(AND(OR(R1:R16,$V17)=TRUE,IF(SEARCH(R$1,$A17)>0,TRUE,FALSE)),"") | S17: =IFERROR(AND(OR(S1:S16,$V17)=TRUE,IF(SEARCH(S$1,$A17)>0,TRUE,FALSE)),"") -> FALSE | T17: =COUNTIF(F17:S17,TRUE) -> 0 | U17: =IFERROR(AND(F17:S17), TRUE) -> FALSE | V17: =IF(E17="Y",TRUE,IF(E17="N",FALSE,0)) -> FALSE | W17: =IF(V17=FALSE, FALSE, U17) -> FALSE | X17: =IF(C17>'Overview (RESPONSES REQUIRED)'!$C$31,FALSE,TRUE) -> FALSE | Y17: =IF(D17>'Overview (RESPONSES REQUIRED)'!$C$34,FALSE,TRUE) -> FALSE | Z17: =AND(X17:Y17) -> FALSE | AA17: =IF(Z17=FALSE,"N",IF(W17=TRUE,"Y",IF(E17=0,"E","N"))) -> N
A18: CA_1A2-3A4-7C2-28A2 | B18: 4 | C18: 5 | D18: 12 | E18: =IF('LTE CA'!K20="Y", "Y", IF('LTE CA'!K20="N", "N", 0)) -> N | F18: =IFERROR(AND(OR(F1:G17,$V18)=TRUE,IF(SEARCH(F$1,$A18)>0,TRUE,FALSE)),"") -> FALSE | G18: =IFERROR(AND(OR(G1:G17,$V18)=TRUE,IF(SEARCH(G$1,$A18)>0,TRUE,FALSE)),"") | H18: =IFERROR(AND(OR(H1:K17,$V18)=TRUE,IF(SEARCH(H$1,$A18)>0,TRUE,FALSE)),"") | I18: =IFERROR(AND(OR(I1:K17,$V18)=TRUE,IF(SEARCH(I$1,$A18)>0,TRUE,FALSE)),"") -> FALSE | J18: =IFERROR(AND(OR(J1:K17,$V18)=TRUE,IF(SEARCH(J$1,$A18)>0,TRUE,FALSE)),"") | K18: =IFERROR(AND(OR(K1:K17,$V18)=TRUE,IF(SEARCH(K$1,$A18)>0,TRUE,FALSE)),"") | L18: =IFERROR(AND(OR(L1:L17,$V18)=TRUE,IF(SEARCH(L$1,$A18)>0,TRUE,FALSE)),"") | M18: =IFERROR(AND(OR(M1:P17,$V18)=TRUE,IF(SEARCH(M$1,$A18)>0,TRUE,FALSE)),"") | N18: =IFERROR(AND(OR(N1:P17,$V18)=TRUE,IF(SEARCH(N$1,$A18)>0,TRUE,FALSE)),"") | O18: =IFERROR(AND(OR(O1:P17,$V18)=TRUE,IF(SEARCH(O$1,$A18)>0,TRUE,FALSE)),"") -> FALSE | P18: =IFERROR(AND(OR(P1:P17,$V18)=TRUE,IF(SEARCH(P$1,$A18)>0,TRUE,FALSE)),"") | Q18: =IFERROR(AND(OR(Q1:R17,$V18)=TRUE,IF(SEARCH(Q$1,$A18)>0,TRUE,FALSE)),"") | R18: =IFERROR(AND(OR(R1:R17,$V18)=TRUE,IF(SEARCH(R$1,$A18)>0,TRUE,FALSE)),"") | S18: =IFERROR(AND(OR(S1:S17,$V18)=TRUE,IF(SEARCH(S$1,$A18)>0,TRUE,FALSE)),"") -> FALSE | T18: =COUNTIF(F18:S18,TRUE) -> 0 | U18: =IFERROR(AND(F18:S18), TRUE) -> FALSE | V18: =IF(E18="Y",TRUE,IF(E18="N",FALSE,0)) -> FALSE | W18: =IF(V18=FALSE, FALSE, U18) -> FALSE | X18: =IF(C18>'Overview (RESPONSES REQUIRED)'!$C$31,FALSE,TRUE) -> FALSE | Y18: =IF(D18>'Overview (RESPONSES REQUIRED)'!$C$34,FALSE,TRUE) -> FALSE | Z18: =AND(X18:Y18) -> FALSE | AA18: =IF(Z18=FALSE,"N",IF(W18=TRUE,"Y",IF(E18=0,"E","N"))) -> N
A19: CA_1A2-3C2-7A4-28A2 | B19: 4 | C19: 5 | D19: 12 | E19: =IF('LTE CA'!K21="Y", "Y", IF('LTE CA'!K21="N", "N", 0)) -> N | F19: =IFERROR(AND(OR(F1:G18,$V19)=TRUE,IF(SEARCH(F$1,$A19)>0,TRUE,FALSE)),"") -> FALSE | G19: =IFERROR(AND(OR(G1:G18,$V19)=TRUE,IF(SEARCH(G$1,$A19)>0,TRUE,FALSE)),"") | H19: =IFERROR(AND(OR(H1:K18,$V19)=TRUE,IF(SEARCH(H$1,$A19)>0,TRUE,FALSE)),"") | I19: =IFERROR(AND(OR(I1:K18,$V19)=TRUE,IF(SEARCH(I$1,$A19)>0,TRUE,FALSE)),"") | J19: =IFERROR(AND(OR(J1:K18,$V19)=TRUE,IF(SEARCH(J$1,$A19)>0,TRUE,FALSE)),"") -> FALSE | K19: =IFERROR(AND(OR(K1:K18,$V19)=TRUE,IF(SEARCH(K$1,$A19)>0,TRUE,FALSE)),"") | L19: =IFERROR(AND(OR(L1:L18,$V19)=TRUE,IF(SEARCH(L$1,$A19)>0,TRUE,FALSE)),"") | M19: =IFERROR(AND(OR(M1:P18,$V19)=TRUE,IF(SEARCH(M$1,$A19)>0,TRUE,FALSE)),"") | N19: =IFERROR(AND(OR(N1:P18,$V19)=TRUE,IF(SEARCH(N$1,$A19)>0,TRUE,FALSE)),"") -> FALSE | O19: =IFERROR(AND(OR(O1:P18,$V19)=TRUE,IF(SEARCH(O$1,$A19)>0,TRUE,FALSE)),"") | P19: =IFERROR(AND(OR(P1:P18,$V19)=TRUE,IF(SEARCH(P$1,$A19)>0,TRUE,FALSE)),"") | Q19: =IFERROR(AND(OR(Q1:R18,$V19)=TRUE,IF(SEARCH(Q$1,$A19)>0,TRUE,FALSE)),"") | R19: =IFERROR(AND(OR(R1:R18,$V19)=TRUE,IF(SEARCH(R$1,$A19)>0,TRUE,FALSE)),"") | S19: =IFERROR(AND(OR(S1:S18,$V19)=TRUE,IF(SEARCH(S$1,$A19)>0,TRUE,FALSE)),"") -> FALSE | T19: =COUNTIF(F19:S19,TRUE) -> 0 | U19: =IFERROR(AND(F19:S19), TRUE) -> FALSE | V19: =IF(E19="Y",TRUE,IF(E19="N",FALSE,0)) -> FALSE | W19: =IF(V19=FALSE, FALSE, U19) -> FALSE | X19: =IF(C19>'Overview (RESPONSES REQUIRED)'!$C$31,FALSE,TRUE) -> FALSE | Y19: =IF(D19>'Overview (RESPONSES REQUIRED)'!$C$34,FALSE,TRUE) -> FALSE | Z19: =AND(X19:Y19) -> FALSE | AA19: =IF(Z19=FALSE,"N",IF(W19=TRUE,"Y",IF(E19=0,"E","N"))) -> N
A20: CA_1A2-3A4-7A4-28A2 | B20: 4 | C20: 4 | D20: 12 | E20: =IF('LTE CA'!K22="Y", "Y", IF('LTE CA'!K22="N", "N", 0)) -> N | F20: =IFERROR(AND(OR(F1:G19,$V20)=TRUE,IF(SEARCH(F$1,$A20)>0,TRUE,FALSE)),"") -> FALSE | G20: =IFERROR(AND(OR(G1:G19,$V20)=TRUE,IF(SEARCH(G$1,$A20)>0,TRUE,FALSE)),"") | H20: =IFERROR(AND(OR(H1:K19,$V20)=TRUE,IF(SEARCH(H$1,$A20)>0,TRUE,FALSE)),"") | I20: =IFERROR(AND(OR(I1:K19,$V20)=TRUE,IF(SEARCH(I$1,$A20)>0,TRUE,FALSE)),"") -> FALSE | J20: =IFERROR(AND(OR(J1:K19,$V20)=TRUE,IF(SEARCH(J$1,$A20)>0,TRUE,FALSE)),"") | K20: =IFERROR(AND(OR(K1:K19,$V20)=TRUE,IF(SEARCH(K$1,$A20)>0,TRUE,FALSE)),"") | L20: =IFERROR(AND(OR(L1:L19,$V20)=TRUE,IF(SEARCH(L$1,$A20)>0,TRUE,FALSE)),"") | M20: =IFERROR(AND(OR(M1:P19,$V20)=TRUE,IF(SEARCH(M$1,$A20)>0,TRUE,FALSE)),"") | N20: =IFERROR(AND(OR(N1:P19,$V20)=TRUE,IF(SEARCH(N$1,$A20)>0,TRUE,FALSE)),"") -> FALSE | O20: =IFERROR(AND(OR(O1:P19,$V20)=TRUE,IF(SEARCH(O$1,$A20)>0,TRUE,FALSE)),"") | P20: =IFERROR(AND(OR(P1:P19,$V20)=TRUE,IF(SEARCH(P$1,$A20)>0,TRUE,FALSE)),"") | Q20: =IFERROR(AND(OR(Q1:R19,$V20)=TRUE,IF(SEARCH(Q$1,$A20)>0,TRUE,FALSE)),"") | R20: =IFERROR(AND(OR(R1:R19,$V20)=TRUE,IF(SEARCH(R$1,$A20)>0,TRUE,FALSE)),"") | S20: =IFERROR(AND(OR(S1:S19,$V20)=TRUE,IF(SEARCH(S$1,$A20)>0,TRUE,FALSE)),"") -> FALSE | T20: =COUNTIF(F20:S20,TRUE) -> 0 | U20: =IFERROR(AND(F20:S20), TRUE) -> FALSE | V20: =IF(E20="Y",TRUE,IF(E20="N",FALSE,0)) -> FALSE | W20: =IF(V20=FALSE, FALSE, U20) -> FALSE | X20: =IF(C20>'Overview (RESPONSES REQUIRED)'!$C$31,FALSE,TRUE) -> FALSE | Y20: =IF(D20>'Overview (RESPONSES REQUIRED)'!$C$34,FALSE,TRUE) -> FALSE | Z20: =AND(X20:Y20) -> FALSE | AA20: =IF(Z20=FALSE,"N",IF(W20=TRUE,"Y",IF(E20=0,"E","N"))) -> N
A21: CA_1A4-3A2-7A4-28A2 | B21: 4 | C21: 4 | D21: 12 | E21: =IF('LTE CA'!K23="Y", "Y", IF('LTE CA'!K23="N", "N", 0)) -> N | F21: =IFERROR(AND(OR(F1:G20,$V21)=TRUE,IF(SEARCH(F$1,$A21)>0,TRUE,FALSE)),"") | G21: =IFERROR(AND(OR(G1:G20,$V21)=TRUE,IF(SEARCH(G$1,$A21)>0,TRUE,FALSE)),"") -> FALSE | H21: =IFERROR(AND(OR(H1:K20,$V21)=TRUE,IF(SEARCH(H$1,$A21)>0,TRUE,FALSE)),"") -> FALSE | I21: =IFERROR(AND(OR(I1:K20,$V21)=TRUE,IF(SEARCH(I$1,$A21)>0,TRUE,FALSE)),"") | J21: =IFERROR(AND(OR(J1:K20,$V21)=TRUE,IF(SEARCH(J$1,$A21)>0,TRUE,FALSE)),"") | K21: =IFERROR(AND(OR(K1:K20,$V21)=TRUE,IF(SEARCH(K$1,$A21)>0,TRUE,FALSE)),"") | L21: =IFERROR(AND(OR(L1:L20,$V21)=TRUE,IF(SEARCH(L$1,$A21)>0,TRUE,FALSE)),"") | M21: =IFERROR(AND(OR(M1:P20,$V21)=TRUE,IF(SEARCH(M$1,$A21)>0,TRUE,FALSE)),"") | N21: =IFERROR(AND(OR(N1:P20,$V21)=TRUE,IF(SEARCH(N$1,$A21)>0,TRUE,FALSE)),"") -> FALSE | O21: =IFERROR(AND(OR(O1:P20,$V21)=TRUE,IF(SEARCH(O$1,$A21)>0,TRUE,FALSE)),"") | P21: =IFERROR(AND(OR(P1:P20,$V21)=TRUE,IF(SEARCH(P$1,$A21)>0,TRUE,FALSE)),"") | Q21: =IFERROR(AND(OR(Q1:R20,$V21)=TRUE,IF(SEARCH(Q$1,$A21)>0,TRUE,FALSE)),"") | R21: =IFERROR(AND(OR(R1:R20,$V21)=TRUE,IF(SEARCH(R$1,$A21)>0,TRUE,FALSE)),"") | S21: =IFERROR(AND(OR(S1:S20,$V21)=TRUE,IF(SEARCH(S$1,$A21)>0,TRUE,FALSE)),"") -> FALSE | T21: =COUNTIF(F21:S21,TRUE) -> 0 | U21: =IFERROR(AND(F21:S21), TRUE) -> FALSE | V21: =IF(E21="Y",TRUE,IF(E21="N",FALSE,0)) -> FALSE | W21: =IF(V21=FALSE, FALSE, U21) -> FALSE | X21: =IF(C21>'Overview (RESPONSES REQUIRED)'!$C$31,FALSE,TRUE) -> FALSE | Y21: =IF(D21>'Overview (RESPONSES REQUIRED)'!$C$34,FALSE,TRUE) -> FALSE | Z21: =AND(X21:Y21) -> FALSE | AA21: =IF(Z21=FALSE,"N",IF(W21=TRUE,"Y",IF(E21=0,"E","N"))) -> N
A22: CA_1A4-3A4-7A2-28A2 | B22: 4 | C22: 4 | D22: 12 | E22: =IF('LTE CA'!K24="Y", "Y", IF('LTE CA'!K24="N", "N", 0)) -> N | F22: =IFERROR(AND(OR(F1:G21,$V22)=TRUE,IF(SEARCH(F$1,$A22)>0,TRUE,FALSE)),"") | G22: =IFERROR(AND(OR(G1:G21,$V22)=TRUE,IF(SEARCH(G$1,$A22)>0,TRUE,FALSE)),"") -> FALSE | H22: =IFERROR(AND(OR(H1:K21,$V22)=TRUE,IF(SEARCH(H$1,$A22)>0,TRUE,FALSE)),"") | I22: =IFERROR(AND(OR(I1:K21,$V22)=TRUE,IF(SEARCH(I$1,$A22)>0,TRUE,FALSE)),"") -> FALSE | J22: =IFERROR(AND(OR(J1:K21,$V22)=TRUE,IF(SEARCH(J$1,$A22)>0,TRUE,FALSE)),"") | K22: =IFERROR(AND(OR(K1:K21,$V22)=TRUE,IF(SEARCH(K$1,$A22)>0,TRUE,FALSE)),"") | L22: =IFERROR(AND(OR(L1:L21,$V22)=TRUE,IF(SEARCH(L$1,$A22)>0,TRUE,FALSE)),"") | M22: =IFERROR(AND(OR(M1:P21,$V22)=TRUE,IF(SEARCH(M$1,$A22)>0,TRUE,FALSE)),"") -> FALSE | N22: =IFERROR(AND(OR(N1:P21,$V22)=TRUE,IF(SEARCH(N$1,$A22)>0,TRUE,FALSE)),"") | O22: =IFERROR(AND(OR(O1:P21,$V22)=TRUE,IF(SEARCH(O$1,$A22)>0,TRUE,FALSE)),"") | P22: =IFERROR(AND(OR(P1:P21,$V22)=TRUE,IF(SEARCH(P$1,$A22)>0,TRUE,FALSE)),"") | Q22: =IFERROR(AND(OR(Q1:R21,$V22)=TRUE,IF(SEARCH(Q$1,$A22)>0,TRUE,FALSE)),"") | R22: =IFERROR(AND(OR(R1:R21,$V22)=TRUE,IF(SEARCH(R$1,$A22)>0,TRUE,FALSE)),"") | S22: =IFERROR(AND(OR(S1:S21,$V22)=TRUE,IF(SEARCH(S$1,$A22)>0,TRUE,FALSE)),"") -> FALSE | T22: =COUNTIF(F22:S22,TRUE) -> 0 | U22: =IFERROR(AND(F22:S22), TRUE) -> FALSE | V22: =IF(E22="Y",TRUE,IF(E22="N",FALSE,0)) -> FALSE | W22: =IF(V22=FALSE, FALSE, U22) -> FALSE | X22: =IF(C22>'Overview (RESPONSES REQUIRED)'!$C$31,FALSE,TRUE) -> FALSE | Y22: =IF(D22>'Overview (RESPONSES REQUIRED)'!$C$34,FALSE,TRUE) -> FALSE | Z22: =AND(X22:Y22) -> FALSE | AA22: =IF(Z22=FALSE,"N",IF(W22=TRUE,"Y",IF(E22=0,"E","N"))) -> N
A23: CA_1A2-3A2-7C2-28A2 | B23: 4 | C23: 5 | D23: 10 | E23: =IF('LTE CA'!K25="Y", "Y", IF('LTE CA'!K25="N", "N", 0)) -> N | F23: =IFERROR(AND(OR(F1:G22,$V23)=TRUE,IF(SEARCH(F$1,$A23)>0,TRUE,FALSE)),"") -> FALSE | G23: =IFERROR(AND(OR(G1:G22,$V23)=TRUE,IF(SEARCH(G$1,$A23)>0,TRUE,FALSE)),"") | H23: =IFERROR(AND(OR(H1:K22,$V23)=TRUE,IF(SEARCH(H$1,$A23)>0,TRUE,FALSE)),"") -> FALSE | I23: =IFERROR(AND(OR(I1:K22,$V23)=TRUE,IF(SEARCH(I$1,$A23)>0,TRUE,FALSE)),"") | J23: =IFERROR(AND(OR(J1:K22,$V23)=TRUE,IF(SEARCH(J$1,$A23)>0,TRUE,FALSE)),"") | K23: =IFERROR(AND(OR(K1:K22,$V23)=TRUE,IF(SEARCH(K$1,$A23)>0,TRUE,FALSE)),"") | L23: =IFERROR(AND(OR(L1:L22,$V23)=TRUE,IF(SEARCH(L$1,$A23)>0,TRUE,FALSE)),"") | M23: =IFERROR(AND(OR(M1:P22,$V23)=TRUE,IF(SEARCH(M$1,$A23)>0,TRUE,FALSE)),"") | N23: =IFERROR(AND(OR(N1:P22,$V23)=TRUE,IF(SEARCH(N$1,$A23)>0,TRUE,FALSE)),"") | O23: =IFERROR(AND(OR(O1:P22,$V23)=TRUE,IF(SEARCH(O$1,$A23)>0,TRUE,FALSE)),"") -> FALSE | P23: =IFERROR(AND(OR(P1:P22,$V23)=TRUE,IF(SEARCH(P$1,$A23)>0,TRUE,FALSE)),"") | Q23: =IFERROR(AND(OR(Q1:R22,$V23)=TRUE,IF(SEARCH(Q$1,$A23)>0,TRUE,FALSE)),"") | R23: =IFERROR(AND(OR(R1:R22,$V23)=TRUE,IF(SEARCH(R$1,$A23)>0,TRUE,FALSE)),"") | S23: =IFERROR(AND(OR(S1:S22,$V23)=TRUE,IF(SEARCH(S$1,$A23)>0,TRUE,FALSE)),"") -> FALSE | T23: =COUNTIF(F23:S23,TRUE) -> 0 | U23: =IFERROR(AND(F23:S23), TRUE) -> FALSE | V23: =IF(E23="Y",TRUE,IF(E23="N",FALSE,0)) -> FALSE | W23: =IF(V23=FALSE, FALSE, U23) -> FALSE | X23: =IF(C23>'Overview (RESPONSES REQUIRED)'!$C$31,FALSE,TRUE) -> FALSE | Y23: =IF(D23>'Overview (RESPONSES REQUIRED)'!$C$34,FALSE,TRUE) -> FALSE | Z23: =AND(X23:Y23) -> FALSE | AA23: =IF(Z23=FALSE,"N",IF(W23=TRUE,"Y",IF(E23=0,"E","N"))) -> N
A24: CA_1A2-3C2-7A2-28A2 | B24: 4 | C24: 5 | D24: 10 | E24: =IF('LTE CA'!K26="Y", "Y", IF('LTE CA'!K26="N", "N", 0)) -> N | F24: =IFERROR(AND(OR(F1:G23,$V24)=TRUE,IF(SEARCH(F$1,$A24)>0,TRUE,FALSE)),"") -> FALSE | G24: =IFERROR(AND(OR(G1:G23,$V24)=TRUE,IF(SEARCH(G$1,$A24)>0,TRUE,FALSE)),"") | H24: =IFERROR(AND(OR(H1:K23,$V24)=TRUE,IF(SEARCH(H$1,$A24)>0,TRUE,FALSE)),"") | I24: =IFERROR(AND(OR(I1:K23,$V24)=TRUE,IF(SEARCH(I$1,$A24)>0,TRUE,FALSE)),"") | J24: =IFERROR(AND(OR(J1:K23,$V24)=TRUE,IF(SEARCH(J$1,$A24)>0,TRUE,FALSE)),"") -> FALSE | K24: =IFERROR(AND(OR(K1:K23,$V24)=TRUE,IF(SEARCH(K$1,$A24)>0,TRUE,FALSE)),"") | L24: =IFERROR(AND(OR(L1:L23,$V24)=TRUE,IF(SEARCH(L$1,$A24)>0,TRUE,FALSE)),"") | M24: =IFERROR(AND(OR(M1:P23,$V24)=TRUE,IF(SEARCH(M$1,$A24)>0,TRUE,FALSE)),"") -> FALSE | N24: =IFERROR(AND(OR(N1:P23,$V24)=TRUE,IF(SEARCH(N$1,$A24)>0,TRUE,FALSE)),"") | O24: =IFERROR(AND(OR(O1:P23,$V24)=TRUE,IF(SEARCH(O$1,$A24)>0,TRUE,FALSE)),"") | P24: =IFERROR(AND(OR(P1:P23,$V24)=TRUE,IF(SEARCH(P$1,$A24)>0,TRUE,FALSE)),"") | Q24: =IFERROR(AND(OR(Q1:R23,$V24)=TRUE,IF(SEARCH(Q$1,$A24)>0,TRUE,FALSE)),"") | R24: =IFERROR(AND(OR(R1:R23,$V24)=TRUE,IF(SEARCH(R$1,$A24)>0,TRUE,FALSE)),"") | S24: =IFERROR(AND(OR(S1:S23,$V24)=TRUE,IF(SEARCH(S$1,$A24)>0,TRUE,FALSE)),"") -> FALSE | T24: =COUNTIF(F24:S24,TRUE) -> 0 | U24: =IFERROR(AND(F24:S24), TRUE) -> FALSE | V24: =IF(E24="Y",TRUE,IF(E24="N",FALSE,0)) -> FALSE | W24: =IF(V24=FALSE, FALSE, U24) -> FALSE | X24: =IF(C24>'Overview (RESPONSES REQUIRED)'!$C$31,FALSE,TRUE) -> FALSE | Y24: =IF(D24>'Overview (RESPONSES REQUIRED)'!$C$34,FALSE,TRUE) -> FALSE | Z24: =AND(X24:Y24) -> FALSE | AA24: =IF(Z24=FALSE,"N",IF(W24=TRUE,"Y",IF(E24=0,"E","N"))) -> N
A25: CA_1A2-3A4-7A2-28A2 | B25: 4 | C25: 4 | D25: 10 | E25: =IF('LTE CA'!K27="Y", "Y", IF('LTE CA'!K27="N", "N", 0)) -> N | F25: =IFERROR(AND(OR(F1:G24,$V25)=TRUE,IF(SEARCH(F$1,$A25)>0,TRUE,FALSE)),"") -> FALSE | G25: =IFERROR(AND(OR(G1:G24,$V25)=TRUE,IF(SEARCH(G$1,$A25)>0,TRUE,FALSE)),"") | H25: =IFERROR(AND(OR(H1:K24,$V25)=TRUE,IF(SEARCH(H$1,$A25)>0,TRUE,FALSE)),"") | I25: =IFERROR(AND(OR(I1:K24,$V25)=TRUE,IF(SEARCH(I$1,$A25)>0,TRUE,FALSE)),"") -> FALSE | J25: =IFERROR(AND(OR(J1:K24,$V25)=TRUE,IF(SEARCH(J$1,$A25)>0,TRUE,FALSE)),"") | K25: =IFERROR(AND(OR(K1:K24,$V25)=TRUE,IF(SEARCH(K$1,$A25)>0,TRUE,FALSE)),"") | L25: =IFERROR(AND(OR(L1:L24,$V25)=TRUE,IF(SEARCH(L$1,$A25)>0,TRUE,FALSE)),"") | M25: =IFERROR(AND(OR(M1:P24,$V25)=TRUE,IF(SEARCH(M$1,$A25)>0,TRUE,FALSE)),"") -> FALSE | N25: =IFERROR(AND(OR(N1:P24,$V25)=TRUE,IF(SEARCH(N$1,$A25)>0,TRUE,FALSE)),"") | O25: =IFERROR(AND(OR(O1:P24,$V25)=TRUE,IF(SEARCH(O$1,$A25)>0,TRUE,FALSE)),"") | P25: =IFERROR(AND(OR(P1:P24,$V25)=TRUE,IF(SEARCH(P$1,$A25)>0,TRUE,FALSE)),"") | Q25: =IFERROR(AND(OR(Q1:R24,$V25)=TRUE,IF(SEARCH(Q$1,$A25)>0,TRUE,FALSE)),"") | R25: =IFERROR(AND(OR(R1:R24,$V25)=TRUE,IF(SEARCH(R$1,$A25)>0,TRUE,FALSE)),"") | S25: =IFERROR(AND(OR(S1:S24,$V25)=TRUE,IF(SEARCH(S$1,$A25)>0,TRUE,FALSE)),"") -> FALSE | T25: =COUNTIF(F25:S25,TRUE) -> 0 | U25: =IFERROR(AND(F25:S25), TRUE) -> FALSE | V25: =IF(E25="Y",TRUE,IF(E25="N",FALSE,0)) -> FALSE | W25: =IF(V25=FALSE, FALSE, U25) -> FALSE | X25: =IF(C25>'Overview (RESPONSES REQUIRED)'!$C$31,FALSE,TRUE) -> FALSE | Y25: =IF(D25>'Overview (RESPONSES REQUIRED)'!$C$34,FALSE,TRUE) -> FALSE | Z25: =AND(X25:Y25) -> FALSE | AA25: =IF(Z25=FALSE,"N",IF(W25=TRUE,"Y",IF(E25=0,"E","N"))) -> N
A26: CA_1A2-3A2-7A4-28A2 | B26: 4 | C26: 4 | D26: 10 | E26: =IF('LTE CA'!K28="Y", "Y", IF('LTE CA'!K28="N", "N", 0)) -> N | F26: =IFERROR(AND(OR(F1:G25,$V26)=TRUE,IF(SEARCH(F$1,$A26)>0,TRUE,FALSE)),"") -> FALSE | G26: =IFERROR(AND(OR(G1:G25,$V26)=TRUE,IF(SEARCH(G$1,$A26)>0,TRUE,FALSE)),"") | H26: =IFERROR(AND(OR(H1:K25,$V26)=TRUE,IF(SEARCH(H$1,$A26)>0,TRUE,FALSE)),"") -> FALSE | I26: =IFERROR(AND(OR(I1:K25,$V26)=TRUE,IF(SEARCH(I$1,$A26)>0,TRUE,FALSE)),"") | J26: =IFERROR(AND(OR(J1:K25,$V26)=TRUE,IF(SEARCH(J$1,$A26)>0,TRUE,FALSE)),"") | K26: =IFERROR(AND(OR(K1:K25,$V26)=TRUE,IF(SEARCH(K$1,$A26)>0,TRUE,FALSE)),"") | L26: =IFERROR(AND(OR(L1:L25,$V26)=TRUE,IF(SEARCH(L$1,$A26)>0,TRUE,FALSE)),"") | M26: =IFERROR(AND(OR(M1:P25,$V26)=TRUE,IF(SEARCH(M$1,$A26)>0,TRUE,FALSE)),"") | N26: =IFERROR(AND(OR(N1:P25,$V26)=TRUE,IF(SEARCH(N$1,$A26)>0,TRUE,FALSE)),"") -> FALSE | O26: =IFERROR(AND(OR(O1:P25,$V26)=TRUE,IF(SEARCH(O$1,$A26)>0,TRUE,FALSE)),"") | P26: =IFERROR(AND(OR(P1:P25,$V26)=TRUE,IF(SEARCH(P$1,$A26)>0,TRUE,FALSE)),"") | Q26: =IFERROR(AND(OR(Q1:R25,$V26)=TRUE,IF(SEARCH(Q$1,$A26)>0,TRUE,FALSE)),"") | R26: =IFERROR(AND(OR(R1:R25,$V26)=TRUE,IF(SEARCH(R$1,$A26)>0,TRUE,FALSE)),"") | S26: =IFERROR(AND(OR(S1:S25,$V26)=TRUE,IF(SEARCH(S$1,$A26)>0,TRUE,FALSE)),"") -> FALSE | T26: =COUNTIF(F26:S26,TRUE) -> 0 | U26: =IFERROR(AND(F26:S26), TRUE) -> FALSE | V26: =IF(E26="Y",TRUE,IF(E26="N",FALSE,0)) -> FALSE | W26: =IF(V26=FALSE, FALSE, U26) -> FALSE | X26: =IF(C26>'Overview (RESPONSES REQUIRED)'!$C$31,FALSE,TRUE) -> FALSE | Y26: =IF(D26>'Overview (RESPONSES REQUIRED)'!$C$34,FALSE,TRUE) -> FALSE | Z26: =AND(X26:Y26) -> FALSE | AA26: =IF(Z26=FALSE,"N",IF(W26=TRUE,"Y",IF(E26=0,"E","N"))) -> N
A27: CA_1A4-3A2-7A2-28A2 | B27: 4 | C27: 4 | D27: 10 | E27: =IF('LTE CA'!K29="Y", "Y", IF('LTE CA'!K29="N", "N", 0)) -> N | F27: =IFERROR(AND(OR(F1:G26,$V27)=TRUE,IF(SEARCH(F$1,$A27)>0,TRUE,FALSE)),"") | G27: =IFERROR(AND(OR(G1:G26,$V27)=TRUE,IF(SEARCH(G$1,$A27)>0,TRUE,FALSE)),"") -> FALSE | H27: =IFERROR(AND(OR(H1:K26,$V27)=TRUE,IF(SEARCH(H$1,$A27)>0,TRUE,FALSE)),"") -> FALSE | I27: =IFERROR(AND(OR(I1:K26,$V27)=TRUE,IF(SEARCH(I$1,$A27)>0,TRUE,FALSE)),"") | J27: =IFERROR(AND(OR(J1:K26,$V27)=TRUE,IF(SEARCH(J$1,$A27)>0,TRUE,FALSE)),"") | K27: =IFERROR(AND(OR(K1:K26,$V27)=TRUE,IF(SEARCH(K$1,$A27)>0,TRUE,FALSE)),"") | L27: =IFERROR(AND(OR(L1:L26,$V27)=TRUE,IF(SEARCH(L$1,$A27)>0,TRUE,FALSE)),"") | M27: =IFERROR(AND(OR(M1:P26,$V27)=TRUE,IF(SEARCH(M$1,$A27)>0,TRUE,FALSE)),"") -> FALSE | N27: =IFERROR(AND(OR(N1:P26,$V27)=TRUE,IF(SEARCH(N$1,$A27)>0,TRUE,FALSE)),"") | O27: =IFERROR(AND(OR(O1:P26,$V27)=TRUE,IF(SEARCH(O$1,$A27)>0,TRUE,FALSE)),"") | P27: =IFERROR(AND(OR(P1:P26,$V27)=TRUE,IF(SEARCH(P$1,$A27)>0,TRUE,FALSE)),"") | Q27: =IFERROR(AND(OR(Q1:R26,$V27)=TRUE,IF(SEARCH(Q$1,$A27)>0,TRUE,FALSE)),"") | R27: =IFERROR(AND(OR(R1:R26,$V27)=TRUE,IF(SEARCH(R$1,$A27)>0,TRUE,FALSE)),"") | S27: =IFERROR(AND(OR(S1:S26,$V27)=TRUE,IF(SEARCH(S$1,$A27)>0,TRUE,FALSE)),"") -> FALSE | T27: =COUNTIF(F27:S27,TRUE) -> 0 | U27: =IFERROR(AND(F27:S27), TRUE) -> FALSE | V27: =IF(E27="Y",TRUE,IF(E27="N",FALSE,0)) -> FALSE | W27: =IF(V27=FALSE, FALSE, U27) -> FALSE | X27: =IF(C27>'Overview (RESPONSES REQUIRED)'!$C$31,FALSE,TRUE) -> FALSE | Y27: =IF(D27>'Overview (RESPONSES REQUIRED)'!$C$34,FALSE,TRUE) -> FALSE | Z27: =AND(X27:Y27) -> FALSE | AA27: =IF(Z27=FALSE,"N",IF(W27=TRUE,"Y",IF(E27=0,"E","N"))) -> N
A28: CA_1A2-3A2-7A2-28A2 | B28: 4 | C28: 4 | D28: 8 | E28: =IF('LTE CA'!K30="Y", "Y", IF('LTE CA'!K30="N", "N", 0)) -> N | F28: =IFERROR(AND(OR(F1:G27,$V28)=TRUE,IF(SEARCH(F$1,$A28)>0,TRUE,FALSE)),"") -> FALSE | G28: =IFERROR(AND(OR(G1:G27,$V28)=TRUE,IF(SEARCH(G$1,$A28)>0,TRUE,FALSE)),"") | H28: =IFERROR(AND(OR(H1:K27,$V28)=TRUE,IF(SEARCH(H$1,$A28)>0,TRUE,FALSE)),"") -> FALSE | I28: =IFERROR(AND(OR(I1:K27,$V28)=TRUE,IF(SEARCH(I$1,$A28)>0,TRUE,FALSE)),"") | J28: =IFERROR(AND(OR(J1:K27,$V28)=TRUE,IF(SEARCH(J$1,$A28)>0,TRUE,FALSE)),"") | K28: =IFERROR(AND(OR(K1:K27,$V28)=TRUE,IF(SEARCH(K$1,$A28)>0,TRUE,FALSE)),"") | L28: =IFERROR(AND(OR(L1:L27,$V28)=TRUE,IF(SEARCH(L$1,$A28)>0,TRUE,FALSE)),"") | M28: =IFERROR(AND(OR(M1:P27,$V28)=TRUE,IF(SEARCH(M$1,$A28)>0,TRUE,FALSE)),"") -> FALSE | N28: =IFERROR(AND(OR(N1:P27,$V28)=TRUE,IF(SEARCH(N$1,$A28)>0,TRUE,FALSE)),"") | O28: =IFERROR(AND(OR(O1:P27,$V28)=TRUE,IF(SEARCH(O$1,$A28)>0,TRUE,FALSE)),"") | P28: =IFERROR(AND(OR(P1:P27,$V28)=TRUE,IF(SEARCH(P$1,$A28)>0,TRUE,FALSE)),"") | Q28: =IFERROR(AND(OR(Q1:R27,$V28)=TRUE,IF(SEARCH(Q$1,$A28)>0,TRUE,FALSE)),"") | R28: =IFERROR(AND(OR(R1:R27,$V28)=TRUE,IF(SEARCH(R$1,$A28)>0,TRUE,FALSE)),"") | S28: =IFERROR(AND(OR(S1:S27,$V28)=TRUE,IF(SEARCH(S$1,$A28)>0,TRUE,FALSE)),"") -> FALSE | T28: =COUNTIF(F28:S28,TRUE) -> 0 | U28: =IFERROR(AND(F28:S28), TRUE) -> FALSE | V28: =IF(E28="Y",TRUE,IF(E28="N",FALSE,0)) -> FALSE | W28: =IF(V28=FALSE, FALSE, U28) -> FALSE | X28: =IF(C28>'Overview (RESPONSES REQUIRED)'!$C$31,FALSE,TRUE) -> FALSE | Y28: =IF(D28>'Overview (RESPONSES REQUIRED)'!$C$34,FALSE,TRUE) -> FALSE | Z28: =AND(X28:Y28) -> FALSE | AA28: =IF(Z28=FALSE,"N",IF(W28=TRUE,"Y",IF(E28=0,"E","N"))) -> N
A29: CA_1A4-3C4-7C4 | B29: 3 | C29: 5 | D29: 20 | E29: =IF('LTE CA'!K31="Y", "Y", IF('LTE CA'!K31="N", "N", 0)) -> N | F29: =IFERROR(AND(OR(F1:G28,$V29)=TRUE,IF(SEARCH(F$1,$A29)>0,TRUE,FALSE)),"") | G29: =IFERROR(AND(OR(G1:G28,$V29)=TRUE,IF(SEARCH(G$1,$A29)>0,TRUE,FALSE)),"") -> FALSE | H29: =IFERROR(AND(OR(H1:K28,$V29)=TRUE,IF(SEARCH(H$1,$A29)>0,TRUE,FALSE)),"") | I29: =IFERROR(AND(OR(I1:K28,$V29)=TRUE,IF(SEARCH(I$1,$A29)>0,TRUE,FALSE)),"") | J29: =IFERROR(AND(OR(J1:K28,$V29)=TRUE,IF(SEARCH(J$1,$A29)>0,TRUE,FALSE)),"") | K29: =IFERROR(AND(OR(K1:K28,$V29)=TRUE,IF(SEARCH(K$1,$A29)>0,TRUE,FALSE)),"") -> FALSE | L29: =IFERROR(AND(OR(L1:L28,$V29)=TRUE,IF(SEARCH(L$1,$A29)>0,TRUE,FALSE)),"") | M29: =IFERROR(AND(OR(M1:P28,$V29)=TRUE,IF(SEARCH(M$1,$A29)>0,TRUE,FALSE)),"") | N29: =IFERROR(AND(OR(N1:P28,$V29)=TRUE,IF(SEARCH(N$1,$A29)>0,TRUE,FALSE)),"") | O29: =IFERROR(AND(OR(O1:P28,$V29)=TRUE,IF(SEARCH(O$1,$A29)>0,TRUE,FALSE)),"") | P29: =IFERROR(AND(OR(P1:P28,$V29)=TRUE,IF(SEARCH(P$1,$A29)>0,TRUE,FALSE)),"") -> FALSE | Q29: =IFERROR(AND(OR(Q1:R28,$V29)=TRUE,IF(SEARCH(Q$1,$A29)>0,TRUE,FALSE)),"") | R29: =IFERROR(AND(OR(R1:R28,$V29)=TRUE,IF(SEARCH(R$1,$A29)>0,TRUE,FALSE)),"") | S29: =IFERROR(AND(OR(S1:S28,$V29)=TRUE,IF(SEARCH(S$1,$A29)>0,TRUE,FALSE)),"") | T29: =COUNTIF(F29:S29,TRUE) -> 0 | U29: =IFERROR(AND(F29:S29), TRUE) -> FALSE | V29: =IF(E29="Y",TRUE,IF(E29="N",FALSE,0)) -> FALSE | W29: =IF(V29=FALSE, FALSE, U29) -> FALSE | X29: =IF(C29>'Overview (RESPONSES REQUIRED)'!$C$31,FALSE,TRUE) -> FALSE | Y29: =IF(D29>'Overview (RESPONSES REQUIRED)'!$C$34,FALSE,TRUE) -> FALSE | Z29: =AND(X29:Y29) -> FALSE | AA29: =IF(Z29=FALSE,"N",IF(W29=TRUE,"Y",IF(E29=0,"E","N"))) -> N
A30: CA_3C4-7C4-28A2 | B30: 3 | C30: 5 | D30: 18 | E30: =IF('LTE CA'!K32="Y", "Y", IF('LTE CA'!K32="N", "N", 0)) -> N | F30: =IFERROR(AND(OR(F1:G29,$V30)=TRUE,IF(SEARCH(F$1,$A30)>0,TRUE,FALSE)),"") | G30: =IFERROR(AND(OR(G1:G29,$V30)=TRUE,IF(SEARCH(G$1,$A30)>0,TRUE,FALSE)),"") | H30: =IFERROR(AND(OR(H1:K29,$V30)=TRUE,IF(SEARCH(H$1,$A30)>0,TRUE,FALSE)),"") | I30: =IFERROR(AND(OR(I1:K29,$V30)=TRUE,IF(SEARCH(I$1,$A30)>0,TRUE,FALSE)),"") | J30: =IFERROR(AND(OR(J1:K29,$V30)=TRUE,IF(SEARCH(J$1,$A30)>0,TRUE,FALSE)),"") | K30: =IFERROR(AND(OR(K1:K29,$V30)=TRUE,IF(SEARCH(K$1,$A30)>0,TRUE,FALSE)),"") -> FALSE | L30: =IFERROR(AND(OR(L1:L29,$V30)=TRUE,IF(SEARCH(L$1,$A30)>0,TRUE,FALSE)),"") | M30: =IFERROR(AND(OR(M1:P29,$V30)=TRUE,IF(SEARCH(M$1,$A30)>0,TRUE,FALSE)),"") | N30: =IFERROR(AND(OR(N1:P29,$V30)=TRUE,IF(SEARCH(N$1,$A30)>0,TRUE,FALSE)),"") | O30: =IFERROR(AND(OR(O1:P29,$V30)=TRUE,IF(SEARCH(O$1,$A30)>0,TRUE,FALSE)),"") | P30: =IFERROR(AND(OR(P1:P29,$V30)=TRUE,IF(SEARCH(P$1,$A30)>0,TRUE,FALSE)),"") -> FALSE | Q30: =IFERROR(AND(OR(Q1:R29,$V30)=TRUE,IF(SEARCH(Q$1,$A30)>0,TRUE,FALSE)),"") | R30: =IFERROR(AND(OR(R1:R29,$V30)=TRUE,IF(SEARCH(R$1,$A30)>0,TRUE,FALSE)),"") | S30: =IFERROR(AND(OR(S1:S29,$V30)=TRUE,IF(SEARCH(S$1,$A30)>0,TRUE,FALSE)),"") -> FALSE | T30: =COUNTIF(F30:S30,TRUE) -> 0 | U30: =IFERROR(AND(F30:S30), TRUE) -> FALSE | V30: =IF(E30="Y",TRUE,IF(E30="N",FALSE,0)) -> FALSE | W30: =IF(V30=FALSE, FALSE, U30) -> FALSE | X30: =IF(C30>'Overview (RESPONSES REQUIRED)'!$C$31,FALSE,TRUE) -> FALSE | Y30: =IF(D30>'Overview (RESPONSES REQUIRED)'!$C$34,FALSE,TRUE) -> FALSE | Z30: =AND(X30:Y30) -> FALSE | AA30: =IF(Z30=FALSE,"N",IF(W30=TRUE,"Y",IF(E30=0,"E","N"))) -> N
A31: CA_3C4-7C4-26A2 | B31: 3 | C31: 5 | D31: 18 | E31: =IF('LTE CA'!K33="Y", "Y", IF('LTE CA'!K33="N", "N", 0)) -> N | F31: =IFERROR(AND(OR(F1:G30,$V31)=TRUE,IF(SEARCH(F$1,$A31)>0,TRUE,FALSE)),"") | G31: =IFERROR(AND(OR(G1:G30,$V31)=TRUE,IF(SEARCH(G$1,$A31)>0,TRUE,FALSE)),"") | H31: =IFERROR(AND(OR(H1:K30,$V31)=TRUE,IF(SEARCH(H$1,$A31)>0,TRUE,FALSE)),"") | I31: =IFERROR(AND(OR(I1:K30,$V31)=TRUE,IF(SEARCH(I$1,$A31)>0,TRUE,FALSE)),"") | J31: =IFERROR(AND(OR(J1:K30,$V31)=TRUE,IF(SEARCH(J$1,$A31)>0,TRUE,FALSE)),"") | K31: =IFERROR(AND(OR(K1:K30,$V31)=TRUE,IF(SEARCH(K$1,$A31)>0,TRUE,FALSE)),"") -> FALSE | L31: =IFERROR(AND(OR(L1:L30,$V31)=TRUE,IF(SEARCH(L$1,$A31)>0,TRUE,FALSE)),"") | M31: =IFERROR(AND(OR(M1:P30,$V31)=TRUE,IF(SEARCH(M$1,$A31)>0,TRUE,FALSE)),"") | N31: =IFERROR(AND(OR(N1:P30,$V31)=TRUE,IF(SEARCH(N$1,$A31)>0,TRUE,FALSE)),"") | O31: =IFERROR(AND(OR(O1:P30,$V31)=TRUE,IF(SEARCH(O$1,$A31)>0,TRUE,FALSE)),"") | P31: =IFERROR(AND(OR(P1:P30,$V31)=TRUE,IF(SEARCH(P$1,$A31)>0,TRUE,FALSE)),"") -> FALSE | Q31: =IFERROR(AND(OR(Q1:R30,$V31)=TRUE,IF(SEARCH(Q$1,$A31)>0,TRUE,FALSE)),"") -> FALSE | R31: =IFERROR(AND(OR(R1:R30,$V31)=TRUE,IF(SEARCH(R$1,$A31)>0,TRUE,FALSE)),"") | S31: =IFERROR(AND(OR(S1:S30,$V31)=TRUE,IF(SEARCH(S$1,$A31)>0,TRUE,FALSE)),"") | T31: =COUNTIF(F31:S31,TRUE) -> 0 | U31: =IFERROR(AND(F31:S31), TRUE) -> FALSE | V31: =IF(E31="Y",TRUE,IF(E31="N",FALSE,0)) -> FALSE | W31: =IF(V31=FALSE, FALSE, U31) -> FALSE | X31: =IF(C31>'Overview (RESPONSES REQUIRED)'!$C$31,FALSE,TRUE) -> FALSE | Y31: =IF(D31>'Overview (RESPONSES REQUIRED)'!$C$34,FALSE,TRUE) -> FALSE | Z31: =AND(X31:Y31) -> FALSE | AA31: =IF(Z31=FALSE,"N",IF(W31=TRUE,"Y",IF(E31=0,"E","N"))) -> N
A32: CA_1A2-3C4-7C4 | B32: 3 | C32: 5 | D32: 18 | E32: =IF('LTE CA'!K34="Y", "Y", IF('LTE CA'!K34="N", "N", 0)) -> N | F32: =IFERROR(AND(OR(F1:G31,$V32)=TRUE,IF(SEARCH(F$1,$A32)>0,TRUE,FALSE)),"") -> FALSE | G32: =IFERROR(AND(OR(G1:G31,$V32)=TRUE,IF(SEARCH(G$1,$A32)>0,TRUE,FALSE)),"") | H32: =IFERROR(AND(OR(H1:K31,$V32)=TRUE,IF(SEARCH(H$1,$A32)>0,TRUE,FALSE)),"") | I32: =IFERROR(AND(OR(I1:K31,$V32)=TRUE,IF(SEARCH(I$1,$A32)>0,TRUE,FALSE)),"") | J32: =IFERROR(AND(OR(J1:K31,$V32)=TRUE,IF(SEARCH(J$1,$A32)>0,TRUE,FALSE)),"") | K32: =IFERROR(AND(OR(K1:K31,$V32)=TRUE,IF(SEARCH(K$1,$A32)>0,TRUE,FALSE)),"") -> FALSE | L32: =IFERROR(AND(OR(L1:L31,$V32)=TRUE,IF(SEARCH(L$1,$A32)>0,TRUE,FALSE)),"") | M32: =IFERROR(AND(OR(M1:P31,$V32)=TRUE,IF(SEARCH(M$1,$A32)>0,TRUE,FALSE)),"") | N32: =IFERROR(AND(OR(N1:P31,$V32)=TRUE,IF(SEARCH(N$1,$A32)>0,TRUE,FALSE)),"") | O32: =IFERROR(AND(OR(O1:P31,$V32)=TRUE,IF(SEARCH(O$1,$A32)>0,TRUE,FALSE)),"") | P32: =IFERROR(AND(OR(P1:P31,$V32)=TRUE,IF(SEARCH(P$1,$A32)>0,TRUE,FALSE)),"") -> FALSE | Q32: =IFERROR(AND(OR(Q1:R31,$V32)=TRUE,IF(SEARCH(Q$1,$A32)>0,TRUE,FALSE)),"") | R32: =IFERROR(AND(OR(R1:R31,$V32)=TRUE,IF(SEARCH(R$1,$A32)>0,TRUE,FALSE)),"") | S32: =IFERROR(AND(OR(S1:S31,$V32)=TRUE,IF(SEARCH(S$1,$A32)>0,TRUE,FALSE)),"") | T32: =COUNTIF(F32:S32,TRUE) -> 0 | U32: =IFERROR(AND(F32:S32), TRUE) -> FALSE | V32: =IF(E32="Y",TRUE,IF(E32="N",FALSE,0)) -> FALSE | W32: =IF(V32=FALSE, FALSE, U32) -> FALSE | X32: =IF(C32>'Overview (RESPONSES REQUIRED)'!$C$31,FALSE,TRUE) -> FALSE | Y32: =IF(D32>'Overview (RESPONSES REQUIRED)'!$C$34,FALSE,TRUE) -> FALSE | Z32: =AND(X32:Y32) -> FALSE | AA32: =IF(Z32=FALSE,"N",IF(W32=TRUE,"Y",IF(E32=0,"E","N"))) -> N
A33: CA_1A4-3C2-7C4 | B33: 3 | C33: 5 | D33: 16 | E33: =IF('LTE CA'!K35="Y", "Y", IF('LTE CA'!K35="N", "N", 0)) -> N | F33: =IFERROR(AND(OR(F1:G32,$V33)=TRUE,IF(SEARCH(F$1,$A33)>0,TRUE,FALSE)),"") | G33: =IFERROR(AND(OR(G1:G32,$V33)=TRUE,IF(SEARCH(G$1,$A33)>0,TRUE,FALSE)),"") -> FALSE | H33: =IFERROR(AND(OR(H1:K32,$V33)=TRUE,IF(SEARCH(H$1,$A33)>0,TRUE,FALSE)),"") | I33: =IFERROR(AND(OR(I1:K32,$V33)=TRUE,IF(SEARCH(I$1,$A33)>0,TRUE,FALSE)),"") | J33: =IFERROR(AND(OR(J1:K32,$V33)=TRUE,IF(SEARCH(J$1,$A33)>0,TRUE,FALSE)),"") -> FALSE | K33: =IFERROR(AND(OR(K1:K32,$V33)=TRUE,IF(SEARCH(K$1,$A33)>0,TRUE,FALSE)),"") | L33: =IFERROR(AND(OR(L1:L32,$V33)=TRUE,IF(SEARCH(L$1,$A33)>0,TRUE,FALSE)),"") | M33: =IFERROR(AND(OR(M1:P32,$V33)=TRUE,IF(SEARCH(M$1,$A33)>0,TRUE,FALSE)),"") | N33: =IFERROR(AND(OR(N1:P32,$V33)=TRUE,IF(SEARCH(N$1,$A33)>0,TRUE,FALSE)),"") | O33: =IFERROR(AND(OR(O1:P32,$V33)=TRUE,IF(SEARCH(O$1,$A33)>0,TRUE,FALSE)),"") | P33: =IFERROR(AND(OR(P1:P32,$V33)=TRUE,IF(SEARCH(P$1,$A33)>0,TRUE,FALSE)),"") -> FALSE | Q33: =IFERROR(AND(OR(Q1:R32,$V33)=TRUE,IF(SEARCH(Q$1,$A33)>0,TRUE,FALSE)),"") | R33: =IFERROR(AND(OR(R1:R32,$V33)=TRUE,IF(SEARCH(R$1,$A33)>0,TRUE,FALSE)),"") | S33: =IFERROR(AND(OR(S1:S32,$V33)=TRUE,IF(SEARCH(S$1,$A33)>0,TRUE,FALSE)),"") | T33: =COUNTIF(F33:S33,TRUE) -> 0 | U33: =IFERROR(AND(F33:S33), TRUE) -> FALSE | V33: =IF(E33="Y",TRUE,IF(E33="N",FALSE,0)) -> FALSE | W33: =IF(V33=FALSE, FALSE, U33) -> FALSE | X33: =IF(C33>'Overview (RESPONSES REQUIRED)'!$C$31,FALSE,TRUE) -> FALSE | Y33: =IF(D33>'Overview (RESPONSES REQUIRED)'!$C$34,FALSE,TRUE) -> FALSE | Z33: =AND(X33:Y33) -> FALSE | AA33: =IF(Z33=FALSE,"N",IF(W33=TRUE,"Y",IF(E33=0,"E","N"))) -> N
A34: CA_1A4-3C4-7C2 | B34: 3 | C34: 5 | D34: 16 | E34: =IF('LTE CA'!K36="Y", "Y", IF('LTE CA'!K36="N", "N", 0)) -> N | F34: =IFERROR(AND(OR(F1:G33,$V34)=TRUE,IF(SEARCH(F$1,$A34)>0,TRUE,FALSE)),"") | G34: =IFERROR(AND(OR(G1:G33,$V34)=TRUE,IF(SEARCH(G$1,$A34)>0,TRUE,FALSE)),"") -> FALSE | H34: =IFERROR(AND(OR(H1:K33,$V34)=TRUE,IF(SEARCH(H$1,$A34)>0,TRUE,FALSE)),"") | I34: =IFERROR(AND(OR(I1:K33,$V34)=TRUE,IF(SEARCH(I$1,$A34)>0,TRUE,FALSE)),"") | J34: =IFERROR(AND(OR(J1:K33,$V34)=TRUE,IF(SEARCH(J$1,$A34)>0,TRUE,FALSE)),"") | K34: =IFERROR(AND(OR(K1:K33,$V34)=TRUE,IF(SEARCH(K$1,$A34)>0,TRUE,FALSE)),"") -> FALSE | L34: =IFERROR(AND(OR(L1:L33,$V34)=TRUE,IF(SEARCH(L$1,$A34)>0,TRUE,FALSE)),"") | M34: =IFERROR(AND(OR(M1:P33,$V34)=TRUE,IF(SEARCH(M$1,$A34)>0,TRUE,FALSE)),"") | N34: =IFERROR(AND(OR(N1:P33,$V34)=TRUE,IF(SEARCH(N$1,$A34)>0,TRUE,FALSE)),"") | O34: =IFERROR(AND(OR(O1:P33,$V34)=TRUE,IF(SEARCH(O$1,$A34)>0,TRUE,FALSE)),"") -> FALSE | P34: =IFERROR(AND(OR(P1:P33,$V34)=TRUE,IF(SEARCH(P$1,$A34)>0,TRUE,FALSE)),"") | Q34: =IFERROR(AND(OR(Q1:R33,$V34)=TRUE,IF(SEARCH(Q$1,$A34)>0,TRUE,FALSE)),"") | R34: =IFERROR(AND(OR(R1:R33,$V34)=TRUE,IF(SEARCH(R$1,$A34)>0,TRUE,FALSE)),"") | S34: =IFERROR(AND(OR(S1:S33,$V34)=TRUE,IF(SEARCH(S$1,$A34)>0,TRUE,FALSE)),"") | T34: =COUNTIF(F34:S34,TRUE) -> 0 | U34: =IFERROR(AND(F34:S34), TRUE) -> FALSE | V34: =IF(E34="Y",TRUE,IF(E34="N",FALSE,0)) -> FALSE | W34: =IF(V34=FALSE, FALSE, U34) -> FALSE | X34: =IF(C34>'Overview (RESPONSES REQUIRED)'!$C$31,FALSE,TRUE) -> FALSE | Y34: =IF(D34>'Overview (RESPONSES REQUIRED)'!$C$34,FALSE,TRUE) -> FALSE | Z34: =AND(X34:Y34) -> FALSE | AA34: =IF(Z34=FALSE,"N",IF(W34=TRUE,"Y",IF(E34=0,"E","N"))) -> N
A35: CA_1A4-3A4-7C4 | B35: 3 | C35: 4 | D35: 16 | E35: =IF('LTE CA'!K37="Y", "Y", IF('LTE CA'!K37="N", "N", 0)) -> N | F35: =IFERROR(AND(OR(F1:G34,$V35)=TRUE,IF(SEARCH(F$1,$A35)>0,TRUE,FALSE)),"") | G35: =IFERROR(AND(OR(G1:G34,$V35)=TRUE,IF(SEARCH(G$1,$A35)>0,TRUE,FALSE)),"") -> FALSE | H35: =IFERROR(AND(OR(H1:K34,$V35)=TRUE,IF(SEARCH(H$1,$A35)>0,TRUE,FALSE)),"") | I35: =IFERROR(AND(OR(I1:K34,$V35)=TRUE,IF(SEARCH(I$1,$A35)>0,TRUE,FALSE)),"") -> FALSE | J35: =IFERROR(AND(OR(J1:K34,$V35)=TRUE,IF(SEARCH(J$1,$A35)>0,TRUE,FALSE)),"") | K35: =IFERROR(AND(OR(K1:K34,$V35)=TRUE,IF(SEARCH(K$1,$A35)>0,TRUE,FALSE)),"") | L35: =IFERROR(AND(OR(L1:L34,$V35)=TRUE,IF(SEARCH(L$1,$A35)>0,TRUE,FALSE)),"") | M35: =IFERROR(AND(OR(M1:P34,$V35)=TRUE,IF(SEARCH(M$1,$A35)>0,TRUE,FALSE)),"") | N35: =IFERROR(AND(OR(N1:P34,$V35)=TRUE,IF(SEARCH(N$1,$A35)>0,TRUE,FALSE)),"") | O35: =IFERROR(AND(OR(O1:P34,$V35)=TRUE,IF(SEARCH(O$1,$A35)>0,TRUE,FALSE)),"") | P35: =IFERROR(AND(OR(P1:P34,$V35)=TRUE,IF(SEARCH(P$1,$A35)>0,TRUE,FALSE)),"") -> FALSE | Q35: =IFERROR(AND(OR(Q1:R34,$V35)=TRUE,IF(SEARCH(Q$1,$A35)>0,TRUE,FALSE)),"") | R35: =IFERROR(AND(OR(R1:R34,$V35)=TRUE,IF(SEARCH(R$1,$A35)>0,TRUE,FALSE)),"") | S35: =IFERROR(AND(OR(S1:S34,$V35)=TRUE,IF(SEARCH(S$1,$A35)>0,TRUE,FALSE)),"") | T35: =COUNTIF(F35:S35,TRUE) -> 0 | U35: =IFERROR(AND(F35:S35), TRUE) -> FALSE | V35: =IF(E35="Y",TRUE,IF(E35="N",FALSE,0)) -> FALSE | W35: =IF(V35=FALSE, FALSE, U35) -> FALSE | X35: =IF(C35>'Overview (RESPONSES REQUIRED)'!$C$31,FALSE,TRUE) -> FALSE | Y35: =IF(D35>'Overview (RESPONSES REQUIRED)'!$C$34,FALSE,TRUE) -> FALSE | Z35: =AND(X35:Y35) -> FALSE | AA35: =IF(Z35=FALSE,"N",IF(W35=TRUE,"Y",IF(E35=0,"E","N"))) -> N
A36: CA_1A4-3C4-7A4 | B36: 3 | C36: 4 | D36: 16 | E36: =IF('LTE CA'!K38="Y", "Y", IF('LTE CA'!K38="N", "N", 0)) -> N | F36: =IFERROR(AND(OR(F1:G35,$V36)=TRUE,IF(SEARCH(F$1,$A36)>0,TRUE,FALSE)),"") | G36: =IFERROR(AND(OR(G1:G35,$V36)=TRUE,IF(SEARCH(G$1,$A36)>0,TRUE,FALSE)),"") -> FALSE | H36: =IFERROR(AND(OR(H1:K35,$V36)=TRUE,IF(SEARCH(H$1,$A36)>0,TRUE,FALSE)),"") | I36: =IFERROR(AND(OR(I1:K35,$V36)=TRUE,IF(SEARCH(I$1,$A36)>0,TRUE,FALSE)),"") | J36: =IFERROR(AND(OR(J1:K35,$V36)=TRUE,IF(SEARCH(J$1,$A36)>0,TRUE,FALSE)),"") | K36: =IFERROR(AND(OR(K1:K35,$V36)=TRUE,IF(SEARCH(K$1,$A36)>0,TRUE,FALSE)),"") -> FALSE | L36: =IFERROR(AND(OR(L1:L35,$V36)=TRUE,IF(SEARCH(L$1,$A36)>0,TRUE,FALSE)),"") | M36: =IFERROR(AND(OR(M1:P35,$V36)=TRUE,IF(SEARCH(M$1,$A36)>0,TRUE,FALSE)),"") | N36: =IFERROR(AND(OR(N1:P35,$V36)=TRUE,IF(SEARCH(N$1,$A36)>0,TRUE,FALSE)),"") -> FALSE | O36: =IFERROR(AND(OR(O1:P35,$V36)=TRUE,IF(SEARCH(O$1,$A36)>0,TRUE,FALSE)),"") | P36: =IFERROR(AND(OR(P1:P35,$V36)=TRUE,IF(SEARCH(P$1,$A36)>0,TRUE,FALSE)),"") | Q36: =IFERROR(AND(OR(Q1:R35,$V36)=TRUE,IF(SEARCH(Q$1,$A36)>0,TRUE,FALSE)),"") | R36: =IFERROR(AND(OR(R1:R35,$V36)=TRUE,IF(SEARCH(R$1,$A36)>0,TRUE,FALSE)),"") | S36: =IFERROR(AND(OR(S1:S35,$V36)=TRUE,IF(SEARCH(S$1,$A36)>0,TRUE,FALSE)),"") | T36: =COUNTIF(F36:S36,TRUE) -> 0 | U36: =IFERROR(AND(F36:S36), TRUE) -> FALSE | V36: =IF(E36="Y",TRUE,IF(E36="N",FALSE,0)) -> FALSE | W36: =IF(V36=FALSE, FALSE, U36) -> FALSE | X36: =IF(C36>'Overview (RESPONSES REQUIRED)'!$C$31,FALSE,TRUE) -> FALSE | Y36: =IF(D36>'Overview (RESPONSES REQUIRED)'!$C$34,FALSE,TRUE) -> FALSE | Z36: =AND(X36:Y36) -> FALSE | AA36: =IF(Z36=FALSE,"N",IF(W36=TRUE,"Y",IF(E36=0,"E","N"))) -> N
A37: CA_3C4-7C2-28A2 | B37: 3 | C37: 5 | D37: 14 | E37: =IF('LTE CA'!K39="Y", "Y", IF('LTE CA'!K39="N", "N", 0)) -> N | F37: =IFERROR(AND(OR(F1:G36,$V37)=TRUE,IF(SEARCH(F$1,$A37)>0,TRUE,FALSE)),"") | G37: =IFERROR(AND(OR(G1:G36,$V37)=TRUE,IF(SEARCH(G$1,$A37)>0,TRUE,FALSE)),"") | H37: =IFERROR(AND(OR(H1:K36,$V37)=TRUE,IF(SEARCH(H$1,$A37)>0,TRUE,FALSE)),"") | I37: =IFERROR(AND(OR(I1:K36,$V37)=TRUE,IF(SEARCH(I$1,$A37)>0,TRUE,FALSE)),"") | J37: =IFERROR(AND(OR(J1:K36,$V37)=TRUE,IF(SEARCH(J$1,$A37)>0,TRUE,FALSE)),"") | K37: =IFERROR(AND(OR(K1:K36,$V37)=TRUE,IF(SEARCH(K$1,$A37)>0,TRUE,FALSE)),"") -> FALSE | L37: =IFERROR(AND(OR(L1:L36,$V37)=TRUE,IF(SEARCH(L$1,$A37)>0,TRUE,FALSE)),"") | M37: =IFERROR(AND(OR(M1:P36,$V37)=TRUE,IF(SEARCH(M$1,$A37)>0,TRUE,FALSE)),"") | N37: =IFERROR(AND(OR(N1:P36,$V37)=TRUE,IF(SEARCH(N$1,$A37)>0,TRUE,FALSE)),"") | O37: =IFERROR(AND(OR(O1:P36,$V37)=TRUE,IF(SEARCH(O$1,$A37)>0,TRUE,FALSE)),"") -> FALSE | P37: =IFERROR(AND(OR(P1:P36,$V37)=TRUE,IF(SEARCH(P$1,$A37)>0,TRUE,FALSE)),"") | Q37: =IFERROR(AND(OR(Q1:R36,$V37)=TRUE,IF(SEARCH(Q$1,$A37)>0,TRUE,FALSE)),"") | R37: =IFERROR(AND(OR(R1:R36,$V37)=TRUE,IF(SEARCH(R$1,$A37)>0,TRUE,FALSE)),"") | S37: =IFERROR(AND(OR(S1:S36,$V37)=TRUE,IF(SEARCH(S$1,$A37)>0,TRUE,FALSE)),"") -> FALSE | T37: =COUNTIF(F37:S37,TRUE) -> 0 | U37: =IFERROR(AND(F37:S37), TRUE) -> FALSE | V37: =IF(E37="Y",TRUE,IF(E37="N",FALSE,0)) -> FALSE | W37: =IF(V37=FALSE, FALSE, U37) -> FALSE | X37: =IF(C37>'Overview (RESPONSES REQUIRED)'!$C$31,FALSE,TRUE) -> FALSE | Y37: =IF(D37>'Overview (RESPONSES REQUIRED)'!$C$34,FALSE,TRUE) -> FALSE | Z37: =AND(X37:Y37) -> FALSE | AA37: =IF(Z37=FALSE,"N",IF(W37=TRUE,"Y",IF(E37=0,"E","N"))) -> N
A38: CA_3C2-7C4-28A2 | B38: 3 | C38: 5 | D38: 14 | E38: =IF('LTE CA'!K40="Y", "Y", IF('LTE CA'!K40="N", "N", 0)) -> N | F38: =IFERROR(AND(OR(F1:G37,$V38)=TRUE,IF(SEARCH(F$1,$A38)>0,TRUE,FALSE)),"") | G38: =IFERROR(AND(OR(G1:G37,$V38)=TRUE,IF(SEARCH(G$1,$A38)>0,TRUE,FALSE)),"") | H38: =IFERROR(AND(OR(H1:K37,$V38)=TRUE,IF(SEARCH(H$1,$A38)>0,TRUE,FALSE)),"") | I38: =IFERROR(AND(OR(I1:K37,$V38)=TRUE,IF(SEARCH(I$1,$A38)>0,TRUE,FALSE)),"") | J38: =IFERROR(AND(OR(J1:K37,$V38)=TRUE,IF(SEARCH(J$1,$A38)>0,TRUE,FALSE)),"") -> FALSE | K38: =IFERROR(AND(OR(K1:K37,$V38)=TRUE,IF(SEARCH(K$1,$A38)>0,TRUE,FALSE)),"") | L38: =IFERROR(AND(OR(L1:L37,$V38)=TRUE,IF(SEARCH(L$1,$A38)>0,TRUE,FALSE)),"") | M38: =IFERROR(AND(OR(M1:P37,$V38)=TRUE,IF(SEARCH(M$1,$A38)>0,TRUE,FALSE)),"") | N38: =IFERROR(AND(OR(N1:P37,$V38)=TRUE,IF(SEARCH(N$1,$A38)>0,TRUE,FALSE)),"") | O38: =IFERROR(AND(OR(O1:P37,$V38)=TRUE,IF(SEARCH(O$1,$A38)>0,TRUE,FALSE)),"") | P38: =IFERROR(AND(OR(P1:P37,$V38)=TRUE,IF(SEARCH(P$1,$A38)>0,TRUE,FALSE)),"") -> FALSE | Q38: =IFERROR(AND(OR(Q1:R37,$V38)=TRUE,IF(SEARCH(Q$1,$A38)>0,TRUE,FALSE)),"") | R38: =IFERROR(AND(OR(R1:R37,$V38)=TRUE,IF(SEARCH(R$1,$A38)>0,TRUE,FALSE)),"") | S38: =IFERROR(AND(OR(S1:S37,$V38)=TRUE,IF(SEARCH(S$1,$A38)>0,TRUE,FALSE)),"") -> FALSE | T38: =COUNTIF(F38:S38,TRUE) -> 0 | U38: =IFERROR(AND(F38:S38), TRUE) -> FALSE | V38: =IF(E38="Y",TRUE,IF(E38="N",FALSE,0)) -> FALSE | W38: =IF(V38=FALSE, FALSE, U38) -> FALSE | X38: =IF(C38>'Overview (RESPONSES REQUIRED)'!$C$31,FALSE,TRUE) -> FALSE | Y38: =IF(D38>'Overview (RESPONSES REQUIRED)'!$C$34,FALSE,TRUE) -> FALSE | Z38: =AND(X38:Y38) -> FALSE | AA38: =IF(Z38=FALSE,"N",IF(W38=TRUE,"Y",IF(E38=0,"E","N"))) -> N
A39: CA_3C4-7C2-26A2 | B39: 3 | C39: 5 | D39: 14 | E39: =IF('LTE CA'!K41="Y", "Y", IF('LTE CA'!K41="N", "N", 0)) -> N | F39: =IFERROR(AND(OR(F1:G38,$V39)=TRUE,IF(SEARCH(F$1,$A39)>0,TRUE,FALSE)),"") | G39: =IFERROR(AND(OR(G1:G38,$V39)=TRUE,IF(SEARCH(G$1,$A39)>0,TRUE,FALSE)),"") | H39: =IFERROR(AND(OR(H1:K38,$V39)=TRUE,IF(SEARCH(H$1,$A39)>0,TRUE,FALSE)),"") | I39: =IFERROR(AND(OR(I1:K38,$V39)=TRUE,IF(SEARCH(I$1,$A39)>0,TRUE,FALSE)),"") | J39: =IFERROR(AND(OR(J1:K38,$V39)=TRUE,IF(SEARCH(J$1,$A39)>0,TRUE,FALSE)),"") | K39: =IFERROR(AND(OR(K1:K38,$V39)=TRUE,IF(SEARCH(K$1,$A39)>0,TRUE,FALSE)),"") -> FALSE | L39: =IFERROR(AND(OR(L1:L38,$V39)=TRUE,IF(SEARCH(L$1,$A39)>0,TRUE,FALSE)),"") | M39: =IFERROR(AND(OR(M1:P38,$V39)=TRUE,IF(SEARCH(M$1,$A39)>0,TRUE,FALSE)),"") | N39: =IFERROR(AND(OR(N1:P38,$V39)=TRUE,IF(SEARCH(N$1,$A39)>0,TRUE,FALSE)),"") | O39: =IFERROR(AND(OR(O1:P38,$V39)=TRUE,IF(SEARCH(O$1,$A39)>0,TRUE,FALSE)),"") -> FALSE | P39: =IFERROR(AND(OR(P1:P38,$V39)=TRUE,IF(SEARCH(P$1,$A39)>0,TRUE,FALSE)),"") | Q39: =IFERROR(AND(OR(Q1:R38,$V39)=TRUE,IF(SEARCH(Q$1,$A39)>0,TRUE,FALSE)),"") -> FALSE | R39: =IFERROR(AND(OR(R1:R38,$V39)=TRUE,IF(SEARCH(R$1,$A39)>0,TRUE,FALSE)),"") | S39: =IFERROR(AND(OR(S1:S38,$V39)=TRUE,IF(SEARCH(S$1,$A39)>0,TRUE,FALSE)),"") | T39: =COUNTIF(F39:S39,TRUE) -> 0 | U39: =IFERROR(AND(F39:S39), TRUE) -> FALSE | V39: =IF(E39="Y",TRUE,IF(E39="N",FALSE,0)) -> FALSE | W39: =IF(V39=FALSE, FALSE, U39) -> FALSE | X39: =IF(C39>'Overview (RESPONSES REQUIRED)'!$C$31,FALSE,TRUE) -> FALSE | Y39: =IF(D39>'Overview (RESPONSES REQUIRED)'!$C$34,FALSE,TRUE) -> FALSE | Z39: =AND(X39:Y39) -> FALSE | AA39: =IF(Z39=FALSE,"N",IF(W39=TRUE,"Y",IF(E39=0,"E","N"))) -> N
A40: CA_3C2-7C4-26A2 | B40: 3 | C40: 5 | D40: 14 | E40: =IF('LTE CA'!K42="Y", "Y", IF('LTE CA'!K42="N", "N", 0)) -> N | F40: =IFERROR(AND(OR(F1:G39,$V40)=TRUE,IF(SEARCH(F$1,$A40)>0,TRUE,FALSE)),"") | G40: =IFERROR(AND(OR(G1:G39,$V40)=TRUE,IF(SEARCH(G$1,$A40)>0,TRUE,FALSE)),"") | H40: =IFERROR(AND(OR(H1:K39,$V40)=TRUE,IF(SEARCH(H$1,$A40)>0,TRUE,FALSE)),"") | I40: =IFERROR(AND(OR(I1:K39,$V40)=TRUE,IF(SEARCH(I$1,$A40)>0,TRUE,FALSE)),"") | J40: =IFERROR(AND(OR(J1:K39,$V40)=TRUE,IF(SEARCH(J$1,$A40)>0,TRUE,FALSE)),"") -> FALSE | K40: =IFERROR(AND(OR(K1:K39,$V40)=TRUE,IF(SEARCH(K$1,$A40)>0,TRUE,FALSE)),"") | L40: =IFERROR(AND(OR(L1:L39,$V40)=TRUE,IF(SEARCH(L$1,$A40)>0,TRUE,FALSE)),"") | M40: =IFERROR(AND(OR(M1:P39,$V40)=TRUE,IF(SEARCH(M$1,$A40)>0,TRUE,FALSE)),"") | N40: =IFERROR(AND(OR(N1:P39,$V40)=TRUE,IF(SEARCH(N$1,$A40)>0,TRUE,FALSE)),"") | O40: =IFERROR(AND(OR(O1:P39,$V40)=TRUE,IF(SEARCH(O$1,$A40)>0,TRUE,FALSE)),"") | P40: =IFERROR(AND(OR(P1:P39,$V40)=TRUE,IF(SEARCH(P$1,$A40)>0,TRUE,FALSE)),"") -> FALSE | Q40: =IFERROR(AND(OR(Q1:R39,$V40)=TRUE,IF(SEARCH(Q$1,$A40)>0,TRUE,FALSE)),"") -> FALSE | R40: =IFERROR(AND(OR(R1:R39,$V40)=TRUE,IF(SEARCH(R$1,$A40)>0,TRUE,FALSE)),"") | S40: =IFERROR(AND(OR(S1:S39,$V40)=TRUE,IF(SEARCH(S$1,$A40)>0,TRUE,FALSE)),"") | T40: =COUNTIF(F40:S40,TRUE) -> 0 | U40: =IFERROR(AND(F40:S40), TRUE) -> FALSE | V40: =IF(E40="Y",TRUE,IF(E40="N",FALSE,0)) -> FALSE | W40: =IF(V40=FALSE, FALSE, U40) -> FALSE | X40: =IF(C40>'Overview (RESPONSES REQUIRED)'!$C$31,FALSE,TRUE) -> FALSE | Y40: =IF(D40>'Overview (RESPONSES REQUIRED)'!$C$34,FALSE,TRUE) -> FALSE | Z40: =AND(X40:Y40) -> FALSE | AA40: =IF(Z40=FALSE,"N",IF(W40=TRUE,"Y",IF(E40=0,"E","N"))) -> N
A41: CA_1A2-3C4-7C2 | B41: 3 | C41: 5 | D41: 14 | E41: =IF('LTE CA'!K43="Y", "Y", IF('LTE CA'!K43="N", "N", 0)) -> N | F41: =IFERROR(AND(OR(F1:G40,$V41)=TRUE,IF(SEARCH(F$1,$A41)>0,TRUE,FALSE)),"") -> FALSE | G41: =IFERROR(AND(OR(G1:G40,$V41)=TRUE,IF(SEARCH(G$1,$A41)>0,TRUE,FALSE)),"") | H41: =IFERROR(AND(OR(H1:K40,$V41)=TRUE,IF(SEARCH(H$1,$A41)>0,TRUE,FALSE)),"") | I41: =IFERROR(AND(OR(I1:K40,$V41)=TRUE,IF(SEARCH(I$1,$A41)>0,TRUE,FALSE)),"") | J41: =IFERROR(AND(OR(J1:K40,$V41)=TRUE,IF(SEARCH(J$1,$A41)>0,TRUE,FALSE)),"") | K41: =IFERROR(AND(OR(K1:K40,$V41)=TRUE,IF(SEARCH(K$1,$A41)>0,TRUE,FALSE)),"") -> FALSE | L41: =IFERROR(AND(OR(L1:L40,$V41)=TRUE,IF(SEARCH(L$1,$A41)>0,TRUE,FALSE)),"") | M41: =IFERROR(AND(OR(M1:P40,$V41)=TRUE,IF(SEARCH(M$1,$A41)>0,TRUE,FALSE)),"") | N41: =IFERROR(AND(OR(N1:P40,$V41)=TRUE,IF(SEARCH(N$1,$A41)>0,TRUE,FALSE)),"") | O41: =IFERROR(AND(OR(O1:P40,$V41)=TRUE,IF(SEARCH(O$1,$A41)>0,TRUE,FALSE)),"") -> FALSE | P41: =IFERROR(AND(OR(P1:P40,$V41)=TRUE,IF(SEARCH(P$1,$A41)>0,TRUE,FALSE)),"") | Q41: =IFERROR(AND(OR(Q1:R40,$V41)=TRUE,IF(SEARCH(Q$1,$A41)>0,TRUE,FALSE)),"") | R41: =IFERROR(AND(OR(R1:R40,$V41)=TRUE,IF(SEARCH(R$1,$A41)>0,TRUE,FALSE)),"") | S41: =IFERROR(AND(OR(S1:S40,$V41)=TRUE,IF(SEARCH(S$1,$A41)>0,TRUE,FALSE)),"") | T41: =COUNTIF(F41:S41,TRUE) -> 0 | U41: =IFERROR(AND(F41:S41), TRUE) -> FALSE | V41: =IF(E41="Y",TRUE,IF(E41="N",FALSE,0)) -> FALSE | W41: =IF(V41=FALSE, FALSE, U41) -> FALSE | X41: =IF(C41>'Overview (RESPONSES REQUIRED)'!$C$31,FALSE,TRUE) -> FALSE | Y41: =IF(D41>'Overview (RESPONSES REQUIRED)'!$C$34,FALSE,TRUE) -> FALSE | Z41: =AND(X41:Y41) -> FALSE | AA41: =IF(Z41=FALSE,"N",IF(W41=TRUE,"Y",IF(E41=0,"E","N"))) -> N
A42: CA_1A2-3C2-7C4 | B42: 3 | C42: 5 | D42: 14 | E42: =IF('LTE CA'!K44="Y", "Y", IF('LTE CA'!K44="N", "N", 0)) -> N | F42: =IFERROR(AND(OR(F1:G41,$V42)=TRUE,IF(SEARCH(F$1,$A42)>0,TRUE,FALSE)),"") -> FALSE | G42: =IFERROR(AND(OR(G1:G41,$V42)=TRUE,IF(SEARCH(G$1,$A42)>0,TRUE,FALSE)),"") | H42: =IFERROR(AND(OR(H1:K41,$V42)=TRUE,IF(SEARCH(H$1,$A42)>0,TRUE,FALSE)),"") | I42: =IFERROR(AND(OR(I1:K41,$V42)=TRUE,IF(SEARCH(I$1,$A42)>0,TRUE,FALSE)),"") | J42: =IFERROR(AND(OR(J1:K41,$V42)=TRUE,IF(SEARCH(J$1,$A42)>0,TRUE,FALSE)),"") -> FALSE | K42: =IFERROR(AND(OR(K1:K41,$V42)=TRUE,IF(SEARCH(K$1,$A42)>0,TRUE,FALSE)),"") | L42: =IFERROR(AND(OR(L1:L41,$V42)=TRUE,IF(SEARCH(L$1,$A42)>0,TRUE,FALSE)),"") | M42: =IFERROR(AND(OR(M1:P41,$V42)=TRUE,IF(SEARCH(M$1,$A42)>0,TRUE,FALSE)),"") | N42: =IFERROR(AND(OR(N1:P41,$V42)=TRUE,IF(SEARCH(N$1,$A42)>0,TRUE,FALSE)),"") | O42: =IFERROR(AND(OR(O1:P41,$V42)=TRUE,IF(SEARCH(O$1,$A42)>0,TRUE,FALSE)),"") | P42: =IFERROR(AND(OR(P1:P41,$V42)=TRUE,IF(SEARCH(P$1,$A42)>0,TRUE,FALSE)),"") -> FALSE | Q42: =IFERROR(AND(OR(Q1:R41,$V42)=TRUE,IF(SEARCH(Q$1,$A42)>0,TRUE,FALSE)),"") | R42: =IFERROR(AND(OR(R1:R41,$V42)=TRUE,IF(SEARCH(R$1,$A42)>0,TRUE,FALSE)),"") | S42: =IFERROR(AND(OR(S1:S41,$V42)=TRUE,IF(SEARCH(S$1,$A42)>0,TRUE,FALSE)),"") | T42: =COUNTIF(F42:S42,TRUE) -> 0 | U42: =IFERROR(AND(F42:S42), TRUE) -> FALSE | V42: =IF(E42="Y",TRUE,IF(E42="N",FALSE,0)) -> FALSE | W42: =IF(V42=FALSE, FALSE, U42) -> FALSE | X42: =IF(C42>'Overview (RESPONSES REQUIRED)'!$C$31,FALSE,TRUE) -> FALSE | Y42: =IF(D42>'Overview (RESPONSES REQUIRED)'!$C$34,FALSE,TRUE) -> FALSE | Z42: =AND(X42:Y42) -> FALSE | AA42: =IF(Z42=FALSE,"N",IF(W42=TRUE,"Y",IF(E42=0,"E","N"))) -> N
A43: CA_3C4-7A4-28A2 | B43: 3 | C43: 4 | D43: 14 | E43: =IF('LTE CA'!K45="Y", "Y", IF('LTE CA'!K45="N", "N", 0)) -> N | F43: =IFERROR(AND(OR(F1:G42,$V43)=TRUE,IF(SEARCH(F$1,$A43)>0,TRUE,FALSE)),"") | G43: =IFERROR(AND(OR(G1:G42,$V43)=TRUE,IF(SEARCH(G$1,$A43)>0,TRUE,FALSE)),"") | H43: =IFERROR(AND(OR(H1:K42,$V43)=TRUE,IF(SEARCH(H$1,$A43)>0,TRUE,FALSE)),"") | I43: =IFERROR(AND(OR(I1:K42,$V43)=TRUE,IF(SEARCH(I$1,$A43)>0,TRUE,FALSE)),"") | J43: =IFERROR(AND(OR(J1:K42,$V43)=TRUE,IF(SEARCH(J$1,$A43)>0,TRUE,FALSE)),"") | K43: =IFERROR(AND(OR(K1:K42,$V43)=TRUE,IF(SEARCH(K$1,$A43)>0,TRUE,FALSE)),"") -> FALSE | L43: =IFERROR(AND(OR(L1:L42,$V43)=TRUE,IF(SEARCH(L$1,$A43)>0,TRUE,FALSE)),"") | M43: =IFERROR(AND(OR(M1:P42,$V43)=TRUE,IF(SEARCH(M$1,$A43)>0,TRUE,FALSE)),"") | N43: =IFERROR(AND(OR(N1:P42,$V43)=TRUE,IF(SEARCH(N$1,$A43)>0,TRUE,FALSE)),"") -> FALSE | O43: =IFERROR(AND(OR(O1:P42,$V43)=TRUE,IF(SEARCH(O$1,$A43)>0,TRUE,FALSE)),"") | P43: =IFERROR(AND(OR(P1:P42,$V43)=TRUE,IF(SEARCH(P$1,$A43)>0,TRUE,FALSE)),"") | Q43: =IFERROR(AND(OR(Q1:R42,$V43)=TRUE,IF(SEARCH(Q$1,$A43)>0,TRUE,FALSE)),"") | R43: =IFERROR(AND(OR(R1:R42,$V43)=TRUE,IF(SEARCH(R$1,$A43)>0,TRUE,FALSE)),"") | S43: =IFERROR(AND(OR(S1:S42,$V43)=TRUE,IF(SEARCH(S$1,$A43)>0,TRUE,FALSE)),"") -> FALSE | T43: =COUNTIF(F43:S43,TRUE) -> 0 | U43: =IFERROR(AND(F43:S43), TRUE) -> FALSE | V43: =IF(E43="Y",TRUE,IF(E43="N",FALSE,0)) -> FALSE | W43: =IF(V43=FALSE, FALSE, U43) -> FALSE | X43: =IF(C43>'Overview (RESPONSES REQUIRED)'!$C$31,FALSE,TRUE) -> FALSE | Y43: =IF(D43>'Overview (RESPONSES REQUIRED)'!$C$34,FALSE,TRUE) -> FALSE | Z43: =AND(X43:Y43) -> FALSE | AA43: =IF(Z43=FALSE,"N",IF(W43=TRUE,"Y",IF(E43=0,"E","N"))) -> N
A44: CA_3C4-7A4-26A2 | B44: 3 | C44: 4 | D44: 14 | E44: =IF('LTE CA'!K46="Y", "Y", IF('LTE CA'!K46="N", "N", 0)) -> N | F44: =IFERROR(AND(OR(F1:G43,$V44)=TRUE,IF(SEARCH(F$1,$A44)>0,TRUE,FALSE)),"") | G44: =IFERROR(AND(OR(G1:G43,$V44)=TRUE,IF(SEARCH(G$1,$A44)>0,TRUE,FALSE)),"") | H44: =IFERROR(AND(OR(H1:K43,$V44)=TRUE,IF(SEARCH(H$1,$A44)>0,TRUE,FALSE)),"") | I44: =IFERROR(AND(OR(I1:K43,$V44)=TRUE,IF(SEARCH(I$1,$A44)>0,TRUE,FALSE)),"") | J44: =IFERROR(AND(OR(J1:K43,$V44)=TRUE,IF(SEARCH(J$1,$A44)>0,TRUE,FALSE)),"") | K44: =IFERROR(AND(OR(K1:K43,$V44)=TRUE,IF(SEARCH(K$1,$A44)>0,TRUE,FALSE)),"") -> FALSE | L44: =IFERROR(AND(OR(L1:L43,$V44)=TRUE,IF(SEARCH(L$1,$A44)>0,TRUE,FALSE)),"") | M44: =IFERROR(AND(OR(M1:P43,$V44)=TRUE,IF(SEARCH(M$1,$A44)>0,TRUE,FALSE)),"") | N44: =IFERROR(AND(OR(N1:P43,$V44)=TRUE,IF(SEARCH(N$1,$A44)>0,TRUE,FALSE)),"") -> FALSE | O44: =IFERROR(AND(OR(O1:P43,$V44)=TRUE,IF(SEARCH(O$1,$A44)>0,TRUE,FALSE)),"") | P44: =IFERROR(AND(OR(P1:P43,$V44)=TRUE,IF(SEARCH(P$1,$A44)>0,TRUE,FALSE)),"") | Q44: =IFERROR(AND(OR(Q1:R43,$V44)=TRUE,IF(SEARCH(Q$1,$A44)>0,TRUE,FALSE)),"") -> FALSE | R44: =IFERROR(AND(OR(R1:R43,$V44)=TRUE,IF(SEARCH(R$1,$A44)>0,TRUE,FALSE)),"") | S44: =IFERROR(AND(OR(S1:S43,$V44)=TRUE,IF(SEARCH(S$1,$A44)>0,TRUE,FALSE)),"") | T44: =COUNTIF(F44:S44,TRUE) -> 0 | U44: =IFERROR(AND(F44:S44), TRUE) -> FALSE | V44: =IF(E44="Y",TRUE,IF(E44="N",FALSE,0)) -> FALSE | W44: =IF(V44=FALSE, FALSE, U44) -> FALSE | X44: =IF(C44>'Overview (RESPONSES REQUIRED)'!$C$31,FALSE,TRUE) -> FALSE | Y44: =IF(D44>'Overview (RESPONSES REQUIRED)'!$C$34,FALSE,TRUE) -> FALSE | Z44: =AND(X44:Y44) -> FALSE | AA44: =IF(Z44=FALSE,"N",IF(W44=TRUE,"Y",IF(E44=0,"E","N"))) -> N
A45: CA_1A4-3C4-28A2 | B45: 3 | C45: 4 | D45: 14 | E45: =IF('LTE CA'!K47="Y", "Y", IF('LTE CA'!K47="N", "N", 0)) -> N | F45: =IFERROR(AND(OR(F1:G44,$V45)=TRUE,IF(SEARCH(F$1,$A45)>0,TRUE,FALSE)),"") | G45: =IFERROR(AND(OR(G1:G44,$V45)=TRUE,IF(SEARCH(G$1,$A45)>0,TRUE,FALSE)),"") -> FALSE | H45: =IFERROR(AND(OR(H1:K44,$V45)=TRUE,IF(SEARCH(H$1,$A45)>0,TRUE,FALSE)),"") | I45: =IFERROR(AND(OR(I1:K44,$V45)=TRUE,IF(SEARCH(I$1,$A45)>0,TRUE,FALSE)),"") | J45: =IFERROR(AND(OR(J1:K44,$V45)=TRUE,IF(SEARCH(J$1,$A45)>0,TRUE,FALSE)),"") | K45: =IFERROR(AND(OR(K1:K44,$V45)=TRUE,IF(SEARCH(K$1,$A45)>0,TRUE,FALSE)),"") -> FALSE | L45: =IFERROR(AND(OR(L1:L44,$V45)=TRUE,IF(SEARCH(L$1,$A45)>0,TRUE,FALSE)),"") | M45: =IFERROR(AND(OR(M1:P44,$V45)=TRUE,IF(SEARCH(M$1,$A45)>0,TRUE,FALSE)),"") | N45: =IFERROR(AND(OR(N1:P44,$V45)=TRUE,IF(SEARCH(N$1,$A45)>0,TRUE,FALSE)),"") | O45: =IFERROR(AND(OR(O1:P44,$V45)=TRUE,IF(SEARCH(O$1,$A45)>0,TRUE,FALSE)),"") | P45: =IFERROR(AND(OR(P1:P44,$V45)=TRUE,IF(SEARCH(P$1,$A45)>0,TRUE,FALSE)),"") | Q45: =IFERROR(AND(OR(Q1:R44,$V45)=TRUE,IF(SEARCH(Q$1,$A45)>0,TRUE,FALSE)),"") | R45: =IFERROR(AND(OR(R1:R44,$V45)=TRUE,IF(SEARCH(R$1,$A45)>0,TRUE,FALSE)),"") | S45: =IFERROR(AND(OR(S1:S44,$V45)=TRUE,IF(SEARCH(S$1,$A45)>0,TRUE,FALSE)),"") -> FALSE | T45: =COUNTIF(F45:S45,TRUE) -> 0 | U45: =IFERROR(AND(F45:S45), TRUE) -> FALSE | V45: =IF(E45="Y",TRUE,IF(E45="N",FALSE,0)) -> FALSE | W45: =IF(V45=FALSE, FALSE, U45) -> FALSE | X45: =IF(C45>'Overview (RESPONSES REQUIRED)'!$C$31,FALSE,TRUE) -> FALSE | Y45: =IF(D45>'Overview (RESPONSES REQUIRED)'!$C$34,FALSE,TRUE) -> FALSE | Z45: =AND(X45:Y45) -> FALSE | AA45: =IF(Z45=FALSE,"N",IF(W45=TRUE,"Y",IF(E45=0,"E","N"))) -> N
A46: CA_1A4-7C4-28A2 | B46: 3 | C46: 4 | D46: 14 | E46: =IF('LTE CA'!K48="Y", "Y", IF('LTE CA'!K48="N", "N", 0)) -> N | F46: =IFERROR(AND(OR(F1:G45,$V46)=TRUE,IF(SEARCH(F$1,$A46)>0,TRUE,FALSE)),"") | G46: =IFERROR(AND(OR(G1:G45,$V46)=TRUE,IF(SEARCH(G$1,$A46)>0,TRUE,FALSE)),"") -> FALSE | H46: =IFERROR(AND(OR(H1:K45,$V46)=TRUE,IF(SEARCH(H$1,$A46)>0,TRUE,FALSE)),"") | I46: =IFERROR(AND(OR(I1:K45,$V46)=TRUE,IF(SEARCH(I$1,$A46)>0,TRUE,FALSE)),"") | J46: =IFERROR(AND(OR(J1:K45,$V46)=TRUE,IF(SEARCH(J$1,$A46)>0,TRUE,FALSE)),"") | K46: =IFERROR(AND(OR(K1:K45,$V46)=TRUE,IF(SEARCH(K$1,$A46)>0,TRUE,FALSE)),"") | L46: =IFERROR(AND(OR(L1:L45,$V46)=TRUE,IF(SEARCH(L$1,$A46)>0,TRUE,FALSE)),"") | M46: =IFERROR(AND(OR(M1:P45,$V46)=TRUE,IF(SEARCH(M$1,$A46)>0,TRUE,FALSE)),"") | N46: =IFERROR(AND(OR(N1:P45,$V46)=TRUE,IF(SEARCH(N$1,$A46)>0,TRUE,FALSE)),"") | O46: =IFERROR(AND(OR(O1:P45,$V46)=TRUE,IF(SEARCH(O$1,$A46)>0,TRUE,FALSE)),"") | P46: =IFERROR(AND(OR(P1:P45,$V46)=TRUE,IF(SEARCH(P$1,$A46)>0,TRUE,FALSE)),"") -> FALSE | Q46: =IFERROR(AND(OR(Q1:R45,$V46)=TRUE,IF(SEARCH(Q$1,$A46)>0,TRUE,FALSE)),"") | R46: =IFERROR(AND(OR(R1:R45,$V46)=TRUE,IF(SEARCH(R$1,$A46)>0,TRUE,FALSE)),"") | S46: =IFERROR(AND(OR(S1:S45,$V46)=TRUE,IF(SEARCH(S$1,$A46)>0,TRUE,FALSE)),"") -> FALSE | T46: =COUNTIF(F46:S46,TRUE) -> 0 | U46: =IFERROR(AND(F46:S46), TRUE) -> FALSE | V46: =IF(E46="Y",TRUE,IF(E46="N",FALSE,0)) -> FALSE | W46: =IF(V46=FALSE, FALSE, U46) -> FALSE | X46: =IF(C46>'Overview (RESPONSES REQUIRED)'!$C$31,FALSE,TRUE) -> FALSE | Y46: =IF(D46>'Overview (RESPONSES REQUIRED)'!$C$34,FALSE,TRUE) -> FALSE | Z46: =AND(X46:Y46) -> FALSE | AA46: =IF(Z46=FALSE,"N",IF(W46=TRUE,"Y",IF(E46=0,"E","N"))) -> N
A47: CA_3A4-7C4-28A2 | B47: 3 | C47: 4 | D47: 14 | E47: =IF('LTE CA'!K49="Y", "Y", IF('LTE CA'!K49="N", "N", 0)) -> N | F47: =IFERROR(AND(OR(F1:G46,$V47)=TRUE,IF(SEARCH(F$1,$A47)>0,TRUE,FALSE)),"") | G47: =IFERROR(AND(OR(G1:G46,$V47)=TRUE,IF(SEARCH(G$1,$A47)>0,TRUE,FALSE)),"") | H47: =IFERROR(AND(OR(H1:K46,$V47)=TRUE,IF(SEARCH(H$1,$A47)>0,TRUE,FALSE)),"") | I47: =IFERROR(AND(OR(I1:K46,$V47)=TRUE,IF(SEARCH(I$1,$A47)>0,TRUE,FALSE)),"") -> FALSE | J47: =IFERROR(AND(OR(J1:K46,$V47)=TRUE,IF(SEARCH(J$1,$A47)>0,TRUE,FALSE)),"") | K47: =IFERROR(AND(OR(K1:K46,$V47)=TRUE,IF(SEARCH(K$1,$A47)>0,TRUE,FALSE)),"") | L47: =IFERROR(AND(OR(L1:L46,$V47)=TRUE,IF(SEARCH(L$1,$A47)>0,TRUE,FALSE)),"") | M47: =IFERROR(AND(OR(M1:P46,$V47)=TRUE,IF(SEARCH(M$1,$A47)>0,TRUE,FALSE)),"") | N47: =IFERROR(AND(OR(N1:P46,$V47)=TRUE,IF(SEARCH(N$1,$A47)>0,TRUE,FALSE)),"") | O47: =IFERROR(AND(OR(O1:P46,$V47)=TRUE,IF(SEARCH(O$1,$A47)>0,TRUE,FALSE)),"") | P47: =IFERROR(AND(OR(P1:P46,$V47)=TRUE,IF(SEARCH(P$1,$A47)>0,TRUE,FALSE)),"") -> FALSE | Q47: =IFERROR(AND(OR(Q1:R46,$V47)=TRUE,IF(SEARCH(Q$1,$A47)>0,TRUE,FALSE)),"") | R47: =IFERROR(AND(OR(R1:R46,$V47)=TRUE,IF(SEARCH(R$1,$A47)>0,TRUE,FALSE)),"") | S47: =IFERROR(AND(OR(S1:S46,$V47)=TRUE,IF(SEARCH(S$1,$A47)>0,TRUE,FALSE)),"") -> FALSE | T47: =COUNTIF(F47:S47,TRUE) -> 0 | U47: =IFERROR(AND(F47:S47), TRUE) -> FALSE | V47: =IF(E47="Y",TRUE,IF(E47="N",FALSE,0)) -> FALSE | W47: =IF(V47=FALSE, FALSE, U47) -> FALSE | X47: =IF(C47>'Overview (RESPONSES REQUIRED)'!$C$31,FALSE,TRUE) -> FALSE | Y47: =IF(D47>'Overview (RESPONSES REQUIRED)'!$C$34,FALSE,TRUE) -> FALSE | Z47: =AND(X47:Y47) -> FALSE | AA47: =IF(Z47=FALSE,"N",IF(W47=TRUE,"Y",IF(E47=0,"E","N"))) -> N
A48: CA_3A4-7C4-26A2 | B48: 3 | C48: 4 | D48: 14 | E48: =IF('LTE CA'!K50="Y", "Y", IF('LTE CA'!K50="N", "N", 0)) -> N | F48: =IFERROR(AND(OR(F1:G47,$V48)=TRUE,IF(SEARCH(F$1,$A48)>0,TRUE,FALSE)),"") | G48: =IFERROR(AND(OR(G1:G47,$V48)=TRUE,IF(SEARCH(G$1,$A48)>0,TRUE,FALSE)),"") | H48: =IFERROR(AND(OR(H1:K47,$V48)=TRUE,IF(SEARCH(H$1,$A48)>0,TRUE,FALSE)),"") | I48: =IFERROR(AND(OR(I1:K47,$V48)=TRUE,IF(SEARCH(I$1,$A48)>0,TRUE,FALSE)),"") -> FALSE | J48: =IFERROR(AND(OR(J1:K47,$V48)=TRUE,IF(SEARCH(J$1,$A48)>0,TRUE,FALSE)),"") | K48: =IFERROR(AND(OR(K1:K47,$V48)=TRUE,IF(SEARCH(K$1,$A48)>0,TRUE,FALSE)),"") | L48: =IFERROR(AND(OR(L1:L47,$V48)=TRUE,IF(SEARCH(L$1,$A48)>0,TRUE,FALSE)),"") | M48: =IFERROR(AND(OR(M1:P47,$V48)=TRUE,IF(SEARCH(M$1,$A48)>0,TRUE,FALSE)),"") | N48: =IFERROR(AND(OR(N1:P47,$V48)=TRUE,IF(SEARCH(N$1,$A48)>0,TRUE,FALSE)),"") | O48: =IFERROR(AND(OR(O1:P47,$V48)=TRUE,IF(SEARCH(O$1,$A48)>0,TRUE,FALSE)),"") | P48: =IFERROR(AND(OR(P1:P47,$V48)=TRUE,IF(SEARCH(P$1,$A48)>0,TRUE,FALSE)),"") -> FALSE | Q48: =IFERROR(AND(OR(Q1:R47,$V48)=TRUE,IF(SEARCH(Q$1,$A48)>0,TRUE,FALSE)),"") -> FALSE | R48: =IFERROR(AND(OR(R1:R47,$V48)=TRUE,IF(SEARCH(R$1,$A48)>0,TRUE,FALSE)),"") | S48: =IFERROR(AND(OR(S1:S47,$V48)=TRUE,IF(SEARCH(S$1,$A48)>0,TRUE,FALSE)),"") | T48: =COUNTIF(F48:S48,TRUE) -> 0 | U48: =IFERROR(AND(F48:S48), TRUE) -> FALSE | V48: =IF(E48="Y",TRUE,IF(E48="N",FALSE,0)) -> FALSE | W48: =IF(V48=FALSE, FALSE, U48) -> FALSE | X48: =IF(C48>'Overview (RESPONSES REQUIRED)'!$C$31,FALSE,TRUE) -> FALSE | Y48: =IF(D48>'Overview (RESPONSES REQUIRED)'!$C$34,FALSE,TRUE) -> FALSE | Z48: =AND(X48:Y48) -> FALSE | AA48: =IF(Z48=FALSE,"N",IF(W48=TRUE,"Y",IF(E48=0,"E","N"))) -> N
A49: CA_1A2-3A4-7C4 | B49: 3 | C49: 4 | D49: 14 | E49: =IF('LTE CA'!K51="Y", "Y", IF('LTE CA'!K51="N", "N", 0)) -> N | F49: =IFERROR(AND(OR(F1:G48,$V49)=TRUE,IF(SEARCH(F$1,$A49)>0,TRUE,FALSE)),"") -> FALSE | G49: =IFERROR(AND(OR(G1:G48,$V49)=TRUE,IF(SEARCH(G$1,$A49)>0,TRUE,FALSE)),"") | H49: =IFERROR(AND(OR(H1:K48,$V49)=TRUE,IF(SEARCH(H$1,$A49)>0,TRUE,FALSE)),"") | I49: =IFERROR(AND(OR(I1:K48,$V49)=TRUE,IF(SEARCH(I$1,$A49)>0,TRUE,FALSE)),"") -> FALSE | J49: =IFERROR(AND(OR(J1:K48,$V49)=TRUE,IF(SEARCH(J$1,$A49)>0,TRUE,FALSE)),"") | K49: =IFERROR(AND(OR(K1:K48,$V49)=TRUE,IF(SEARCH(K$1,$A49)>0,TRUE,FALSE)),"") | L49: =IFERROR(AND(OR(L1:L48,$V49)=TRUE,IF(SEARCH(L$1,$A49)>0,TRUE,FALSE)),"") | M49: =IFERROR(AND(OR(M1:P48,$V49)=TRUE,IF(SEARCH(M$1,$A49)>0,TRUE,FALSE)),"") | N49: =IFERROR(AND(OR(N1:P48,$V49)=TRUE,IF(SEARCH(N$1,$A49)>0,TRUE,FALSE)),"") | O49: =IFERROR(AND(OR(O1:P48,$V49)=TRUE,IF(SEARCH(O$1,$A49)>0,TRUE,FALSE)),"") | P49: =IFERROR(AND(OR(P1:P48,$V49)=TRUE,IF(SEARCH(P$1,$A49)>0,TRUE,FALSE)),"") -> FALSE | Q49: =IFERROR(AND(OR(Q1:R48,$V49)=TRUE,IF(SEARCH(Q$1,$A49)>0,TRUE,FALSE)),"") | R49: =IFERROR(AND(OR(R1:R48,$V49)=TRUE,IF(SEARCH(R$1,$A49)>0,TRUE,FALSE)),"") | S49: =IFERROR(AND(OR(S1:S48,$V49)=TRUE,IF(SEARCH(S$1,$A49)>0,TRUE,FALSE)),"") | T49: =COUNTIF(F49:S49,TRUE) -> 0 | U49: =IFERROR(AND(F49:S49), TRUE) -> FALSE | V49: =IF(E49="Y",TRUE,IF(E49="N",FALSE,0)) -> FALSE | W49: =IF(V49=FALSE, FALSE, U49) -> FALSE | X49: =IF(C49>'Overview (RESPONSES REQUIRED)'!$C$31,FALSE,TRUE) -> FALSE | Y49: =IF(D49>'Overview (RESPONSES REQUIRED)'!$C$34,FALSE,TRUE) -> FALSE | Z49: =AND(X49:Y49) -> FALSE | AA49: =IF(Z49=FALSE,"N",IF(W49=TRUE,"Y",IF(E49=0,"E","N"))) -> N
A50: CA_1A2-3C4-7A4 | B50: 3 | C50: 4 | D50: 14 | E50: =IF('LTE CA'!K52="Y", "Y", IF('LTE CA'!K52="N", "N", 0)) -> N | F50: =IFERROR(AND(OR(F1:G49,$V50)=TRUE,IF(SEARCH(F$1,$A50)>0,TRUE,FALSE)),"") -> FALSE | G50: =IFERROR(AND(OR(G1:G49,$V50)=TRUE,IF(SEARCH(G$1,$A50)>0,TRUE,FALSE)),"") | H50: =IFERROR(AND(OR(H1:K49,$V50)=TRUE,IF(SEARCH(H$1,$A50)>0,TRUE,FALSE)),"") | I50: =IFERROR(AND(OR(I1:K49,$V50)=TRUE,IF(SEARCH(I$1,$A50)>0,TRUE,FALSE)),"") | J50: =IFERROR(AND(OR(J1:K49,$V50)=TRUE,IF(SEARCH(J$1,$A50)>0,TRUE,FALSE)),"") | K50: =IFERROR(AND(OR(K1:K49,$V50)=TRUE,IF(SEARCH(K$1,$A50)>0,TRUE,FALSE)),"") -> FALSE | L50: =IFERROR(AND(OR(L1:L49,$V50)=TRUE,IF(SEARCH(L$1,$A50)>0,TRUE,FALSE)),"") | M50: =IFERROR(AND(OR(M1:P49,$V50)=TRUE,IF(SEARCH(M$1,$A50)>0,TRUE,FALSE)),"") | N50: =IFERROR(AND(OR(N1:P49,$V50)=TRUE,IF(SEARCH(N$1,$A50)>0,TRUE,FALSE)),"") -> FALSE | O50: =IFERROR(AND(OR(O1:P49,$V50)=TRUE,IF(SEARCH(O$1,$A50)>0,TRUE,FALSE)),"") | P50: =IFERROR(AND(OR(P1:P49,$V50)=TRUE,IF(SEARCH(P$1,$A50)>0,TRUE,FALSE)),"") | Q50: =IFERROR(AND(OR(Q1:R49,$V50)=TRUE,IF(SEARCH(Q$1,$A50)>0,TRUE,FALSE)),"") | R50: =IFERROR(AND(OR(R1:R49,$V50)=TRUE,IF(SEARCH(R$1,$A50)>0,TRUE,FALSE)),"") | S50: =IFERROR(AND(OR(S1:S49,$V50)=TRUE,IF(SEARCH(S$1,$A50)>0,TRUE,FALSE)),"") | T50: =COUNTIF(F50:S50,TRUE) -> 0 | U50: =IFERROR(AND(F50:S50), TRUE) -> FALSE | V50: =IF(E50="Y",TRUE,IF(E50="N",FALSE,0)) -> FALSE | W50: =IF(V50=FALSE, FALSE, U50) -> FALSE | X50: =IF(C50>'Overview (RESPONSES REQUIRED)'!$C$31,FALSE,TRUE) -> FALSE | Y50: =IF(D50>'Overview (RESPONSES REQUIRED)'!$C$34,FALSE,TRUE) -> FALSE | Z50: =AND(X50:Y50) -> FALSE | AA50: =IF(Z50=FALSE,"N",IF(W50=TRUE,"Y",IF(E50=0,"E","N"))) -> N
A51: CA_1A4-3A2-7C4 | B51: 3 | C51: 4 | D51: 14 | E51: =IF('LTE CA'!K53="Y", "Y", IF('LTE CA'!K53="N", "N", 0)) -> N | F51: =IFERROR(AND(OR(F1:G50,$V51)=TRUE,IF(SEARCH(F$1,$A51)>0,TRUE,FALSE)),"") | G51: =IFERROR(AND(OR(G1:G50,$V51)=TRUE,IF(SEARCH(G$1,$A51)>0,TRUE,FALSE)),"") -> FALSE | H51: =IFERROR(AND(OR(H1:K50,$V51)=TRUE,IF(SEARCH(H$1,$A51)>0,TRUE,FALSE)),"") -> FALSE | I51: =IFERROR(AND(OR(I1:K50,$V51)=TRUE,IF(SEARCH(I$1,$A51)>0,TRUE,FALSE)),"") | J51: =IFERROR(AND(OR(J1:K50,$V51)=TRUE,IF(SEARCH(J$1,$A51)>0,TRUE,FALSE)),"") | K51: =IFERROR(AND(OR(K1:K50,$V51)=TRUE,IF(SEARCH(K$1,$A51)>0,TRUE,FALSE)),"") | L51: =IFERROR(AND(OR(L1:L50,$V51)=TRUE,IF(SEARCH(L$1,$A51)>0,TRUE,FALSE)),"") | M51: =IFERROR(AND(OR(M1:P50,$V51)=TRUE,IF(SEARCH(M$1,$A51)>0,TRUE,FALSE)),"") | N51: =IFERROR(AND(OR(N1:P50,$V51)=TRUE,IF(SEARCH(N$1,$A51)>0,TRUE,FALSE)),"") | O51: =IFERROR(AND(OR(O1:P50,$V51)=TRUE,IF(SEARCH(O$1,$A51)>0,TRUE,FALSE)),"") | P51: =IFERROR(AND(OR(P1:P50,$V51)=TRUE,IF(SEARCH(P$1,$A51)>0,TRUE,FALSE)),"") -> FALSE | Q51: =IFERROR(AND(OR(Q1:R50,$V51)=TRUE,IF(SEARCH(Q$1,$A51)>0,TRUE,FALSE)),"") | R51: =IFERROR(AND(OR(R1:R50,$V51)=TRUE,IF(SEARCH(R$1,$A51)>0,TRUE,FALSE)),"") | S51: =IFERROR(AND(OR(S1:S50,$V51)=TRUE,IF(SEARCH(S$1,$A51)>0,TRUE,FALSE)),"") | T51: =COUNTIF(F51:S51,TRUE) -> 0 | U51: =IFERROR(AND(F51:S51), TRUE) -> FALSE | V51: =IF(E51="Y",TRUE,IF(E51="N",FALSE,0)) -> FALSE | W51: =IF(V51=FALSE, FALSE, U51) -> FALSE | X51: =IF(C51>'Overview (RESPONSES REQUIRED)'!$C$31,FALSE,TRUE) -> FALSE | Y51: =IF(D51>'Overview (RESPONSES REQUIRED)'!$C$34,FALSE,TRUE) -> FALSE | Z51: =AND(X51:Y51) -> FALSE | AA51: =IF(Z51=FALSE,"N",IF(W51=TRUE,"Y",IF(E51=0,"E","N"))) -> N
A52: CA_1A4-3C4-7A2 | B52: 3 | C52: 4 | D52: 14 | E52: =IF('LTE CA'!K54="Y", "Y", IF('LTE CA'!K54="N", "N", 0)) -> N | F52: =IFERROR(AND(OR(F1:G51,$V52)=TRUE,IF(SEARCH(F$1,$A52)>0,TRUE,FALSE)),"") | G52: =IFERROR(AND(OR(G1:G51,$V52)=TRUE,IF(SEARCH(G$1,$A52)>0,TRUE,FALSE)),"") -> FALSE | H52: =IFERROR(AND(OR(H1:K51,$V52)=TRUE,IF(SEARCH(H$1,$A52)>0,TRUE,FALSE)),"") | I52: =IFERROR(AND(OR(I1:K51,$V52)=TRUE,IF(SEARCH(I$1,$A52)>0,TRUE,FALSE)),"") | J52: =IFERROR(AND(OR(J1:K51,$V52)=TRUE,IF(SEARCH(J$1,$A52)>0,TRUE,FALSE)),"") | K52: =IFERROR(AND(OR(K1:K51,$V52)=TRUE,IF(SEARCH(K$1,$A52)>0,TRUE,FALSE)),"") -> FALSE | L52: =IFERROR(AND(OR(L1:L51,$V52)=TRUE,IF(SEARCH(L$1,$A52)>0,TRUE,FALSE)),"") | M52: =IFERROR(AND(OR(M1:P51,$V52)=TRUE,IF(SEARCH(M$1,$A52)>0,TRUE,FALSE)),"") -> FALSE | N52: =IFERROR(AND(OR(N1:P51,$V52)=TRUE,IF(SEARCH(N$1,$A52)>0,TRUE,FALSE)),"") | O52: =IFERROR(AND(OR(O1:P51,$V52)=TRUE,IF(SEARCH(O$1,$A52)>0,TRUE,FALSE)),"") | P52: =IFERROR(AND(OR(P1:P51,$V52)=TRUE,IF(SEARCH(P$1,$A52)>0,TRUE,FALSE)),"") | Q52: =IFERROR(AND(OR(Q1:R51,$V52)=TRUE,IF(SEARCH(Q$1,$A52)>0,TRUE,FALSE)),"") | R52: =IFERROR(AND(OR(R1:R51,$V52)=TRUE,IF(SEARCH(R$1,$A52)>0,TRUE,FALSE)),"") | S52: =IFERROR(AND(OR(S1:S51,$V52)=TRUE,IF(SEARCH(S$1,$A52)>0,TRUE,FALSE)),"") | T52: =COUNTIF(F52:S52,TRUE) -> 0 | U52: =IFERROR(AND(F52:S52), TRUE) -> FALSE | V52: =IF(E52="Y",TRUE,IF(E52="N",FALSE,0)) -> FALSE | W52: =IF(V52=FALSE, FALSE, U52) -> FALSE | X52: =IF(C52>'Overview (RESPONSES REQUIRED)'!$C$31,FALSE,TRUE) -> FALSE | Y52: =IF(D52>'Overview (RESPONSES REQUIRED)'!$C$34,FALSE,TRUE) -> FALSE | Z52: =AND(X52:Y52) -> FALSE | AA52: =IF(Z52=FALSE,"N",IF(W52=TRUE,"Y",IF(E52=0,"E","N"))) -> N
A53: CA_1A4-3C2-7C2 | B53: 3 | C53: 5 | D53: 12 | E53: =IF('LTE CA'!K55="Y", "Y", IF('LTE CA'!K55="N", "N", 0)) -> N | F53: =IFERROR(AND(OR(F1:G52,$V53)=TRUE,IF(SEARCH(F$1,$A53)>0,TRUE,FALSE)),"") | G53: =IFERROR(AND(OR(G1:G52,$V53)=TRUE,IF(SEARCH(G$1,$A53)>0,TRUE,FALSE)),"") -> FALSE | H53: =IFERROR(AND(OR(H1:K52,$V53)=TRUE,IF(SEARCH(H$1,$A53)>0,TRUE,FALSE)),"") | I53: =IFERROR(AND(OR(I1:K52,$V53)=TRUE,IF(SEARCH(I$1,$A53)>0,TRUE,FALSE)),"") | J53: =IFERROR(AND(OR(J1:K52,$V53)=TRUE,IF(SEARCH(J$1,$A53)>0,TRUE,FALSE)),"") -> FALSE | K53: =IFERROR(AND(OR(K1:K52,$V53)=TRUE,IF(SEARCH(K$1,$A53)>0,TRUE,FALSE)),"") | L53: =IFERROR(AND(OR(L1:L52,$V53)=TRUE,IF(SEARCH(L$1,$A53)>0,TRUE,FALSE)),"") | M53: =IFERROR(AND(OR(M1:P52,$V53)=TRUE,IF(SEARCH(M$1,$A53)>0,TRUE,FALSE)),"") | N53: =IFERROR(AND(OR(N1:P52,$V53)=TRUE,IF(SEARCH(N$1,$A53)>0,TRUE,FALSE)),"") | O53: =IFERROR(AND(OR(O1:P52,$V53)=TRUE,IF(SEARCH(O$1,$A53)>0,TRUE,FALSE)),"") -> FALSE | P53: =IFERROR(AND(OR(P1:P52,$V53)=TRUE,IF(SEARCH(P$1,$A53)>0,TRUE,FALSE)),"") | Q53: =IFERROR(AND(OR(Q1:R52,$V53)=TRUE,IF(SEARCH(Q$1,$A53)>0,TRUE,FALSE)),"") | R53: =IFERROR(AND(OR(R1:R52,$V53)=TRUE,IF(SEARCH(R$1,$A53)>0,TRUE,FALSE)),"") | S53: =IFERROR(AND(OR(S1:S52,$V53)=TRUE,IF(SEARCH(S$1,$A53)>0,TRUE,FALSE)),"") | T53: =COUNTIF(F53:S53,TRUE) -> 0 | U53: =IFERROR(AND(F53:S53), TRUE) -> FALSE | V53: =IF(E53="Y",TRUE,IF(E53="N",FALSE,0)) -> FALSE | W53: =IF(V53=FALSE, FALSE, U53) -> FALSE | X53: =IF(C53>'Overview (RESPONSES REQUIRED)'!$C$31,FALSE,TRUE) -> FALSE | Y53: =IF(D53>'Overview (RESPONSES REQUIRED)'!$C$34,FALSE,TRUE) -> FALSE | Z53: =AND(X53:Y53) -> FALSE | AA53: =IF(Z53=FALSE,"N",IF(W53=TRUE,"Y",IF(E53=0,"E","N"))) -> N
A54: CA_3A2-7C4-28A2 | B54: 3 | C54: 4 | D54: 12 | E54: =IF('LTE CA'!K56="Y", "Y", IF('LTE CA'!K56="N", "N", 0)) -> N | F54: =IFERROR(AND(OR(F1:G53,$V54)=TRUE,IF(SEARCH(F$1,$A54)>0,TRUE,FALSE)),"") | G54: =IFERROR(AND(OR(G1:G53,$V54)=TRUE,IF(SEARCH(G$1,$A54)>0,TRUE,FALSE)),"") | H54: =IFERROR(AND(OR(H1:K53,$V54)=TRUE,IF(SEARCH(H$1,$A54)>0,TRUE,FALSE)),"") -> FALSE | I54: =IFERROR(AND(OR(I1:K53,$V54)=TRUE,IF(SEARCH(I$1,$A54)>0,TRUE,FALSE)),"") | J54: =IFERROR(AND(OR(J1:K53,$V54)=TRUE,IF(SEARCH(J$1,$A54)>0,TRUE,FALSE)),"") | K54: =IFERROR(AND(OR(K1:K53,$V54)=TRUE,IF(SEARCH(K$1,$A54)>0,TRUE,FALSE)),"") | L54: =IFERROR(AND(OR(L1:L53,$V54)=TRUE,IF(SEARCH(L$1,$A54)>0,TRUE,FALSE)),"") | M54: =IFERROR(AND(OR(M1:P53,$V54)=TRUE,IF(SEARCH(M$1,$A54)>0,TRUE,FALSE)),"") | N54: =IFERROR(AND(OR(N1:P53,$V54)=TRUE,IF(SEARCH(N$1,$A54)>0,TRUE,FALSE)),"") | O54: =IFERROR(AND(OR(O1:P53,$V54)=TRUE,IF(SEARCH(O$1,$A54)>0,TRUE,FALSE)),"") | P54: =IFERROR(AND(OR(P1:P53,$V54)=TRUE,IF(SEARCH(P$1,$A54)>0,TRUE,FALSE)),"") -> FALSE | Q54: =IFERROR(AND(OR(Q1:R53,$V54)=TRUE,IF(SEARCH(Q$1,$A54)>0,TRUE,FALSE)),"") | R54: =IFERROR(AND(OR(R1:R53,$V54)=TRUE,IF(SEARCH(R$1,$A54)>0,TRUE,FALSE)),"") | S54: =IFERROR(AND(OR(S1:S53,$V54)=TRUE,IF(SEARCH(S$1,$A54)>0,TRUE,FALSE)),"") -> FALSE | T54: =COUNTIF(F54:S54,TRUE) -> 0 | U54: =IFERROR(AND(F54:S54), TRUE) -> FALSE | V54: =IF(E54="Y",TRUE,IF(E54="N",FALSE,0)) -> FALSE | W54: =IF(V54=FALSE, FALSE, U54) -> FALSE | X54: =IF(C54>'Overview (RESPONSES REQUIRED)'!$C$31,FALSE,TRUE) -> FALSE | Y54: =IF(D54>'Overview (RESPONSES REQUIRED)'!$C$34,FALSE,TRUE) -> FALSE | Z54: =AND(X54:Y54) -> FALSE | AA54: =IF(Z54=FALSE,"N",IF(W54=TRUE,"Y",IF(E54=0,"E","N"))) -> N
A55: CA_3C4-7A2-28A2 | B55: 3 | C55: 4 | D55: 12 | E55: =IF('LTE CA'!K57="Y", "Y", IF('LTE CA'!K57="N", "N", 0)) -> N | F55: =IFERROR(AND(OR(F1:G54,$V55)=TRUE,IF(SEARCH(F$1,$A55)>0,TRUE,FALSE)),"") | G55: =IFERROR(AND(OR(G1:G54,$V55)=TRUE,IF(SEARCH(G$1,$A55)>0,TRUE,FALSE)),"") | H55: =IFERROR(AND(OR(H1:K54,$V55)=TRUE,IF(SEARCH(H$1,$A55)>0,TRUE,FALSE)),"") | I55: =IFERROR(AND(OR(I1:K54,$V55)=TRUE,IF(SEARCH(I$1,$A55)>0,TRUE,FALSE)),"") | J55: =IFERROR(AND(OR(J1:K54,$V55)=TRUE,IF(SEARCH(J$1,$A55)>0,TRUE,FALSE)),"") | K55: =IFERROR(AND(OR(K1:K54,$V55)=TRUE,IF(SEARCH(K$1,$A55)>0,TRUE,FALSE)),"") -> FALSE | L55: =IFERROR(AND(OR(L1:L54,$V55)=TRUE,IF(SEARCH(L$1,$A55)>0,TRUE,FALSE)),"") | M55: =IFERROR(AND(OR(M1:P54,$V55)=TRUE,IF(SEARCH(M$1,$A55)>0,TRUE,FALSE)),"") -> FALSE | N55: =IFERROR(AND(OR(N1:P54,$V55)=TRUE,IF(SEARCH(N$1,$A55)>0,TRUE,FALSE)),"") | O55: =IFERROR(AND(OR(O1:P54,$V55)=TRUE,IF(SEARCH(O$1,$A55)>0,TRUE,FALSE)),"") | P55: =IFERROR(AND(OR(P1:P54,$V55)=TRUE,IF(SEARCH(P$1,$A55)>0,TRUE,FALSE)),"") | Q55: =IFERROR(AND(OR(Q1:R54,$V55)=TRUE,IF(SEARCH(Q$1,$A55)>0,TRUE,FALSE)),"") | R55: =IFERROR(AND(OR(R1:R54,$V55)=TRUE,IF(SEARCH(R$1,$A55)>0,TRUE,FALSE)),"") | S55: =IFERROR(AND(OR(S1:S54,$V55)=TRUE,IF(SEARCH(S$1,$A55)>0,TRUE,FALSE)),"") -> FALSE | T55: =COUNTIF(F55:S55,TRUE) -> 0 | U55: =IFERROR(AND(F55:S55), TRUE) -> FALSE | V55: =IF(E55="Y",TRUE,IF(E55="N",FALSE,0)) -> FALSE | W55: =IF(V55=FALSE, FALSE, U55) -> FALSE | X55: =IF(C55>'Overview (RESPONSES REQUIRED)'!$C$31,FALSE,TRUE) -> FALSE | Y55: =IF(D55>'Overview (RESPONSES REQUIRED)'!$C$34,FALSE,TRUE) -> FALSE | Z55: =AND(X55:Y55) -> FALSE | AA55: =IF(Z55=FALSE,"N",IF(W55=TRUE,"Y",IF(E55=0,"E","N"))) -> N
A56: CA_3A2-7C4-26A2 | B56: 3 | C56: 4 | D56: 12 | E56: =IF('LTE CA'!K58="Y", "Y", IF('LTE CA'!K58="N", "N", 0)) -> N | F56: =IFERROR(AND(OR(F1:G55,$V56)=TRUE,IF(SEARCH(F$1,$A56)>0,TRUE,FALSE)),"") | G56: =IFERROR(AND(OR(G1:G55,$V56)=TRUE,IF(SEARCH(G$1,$A56)>0,TRUE,FALSE)),"") | H56: =IFERROR(AND(OR(H1:K55,$V56)=TRUE,IF(SEARCH(H$1,$A56)>0,TRUE,FALSE)),"") -> FALSE | I56: =IFERROR(AND(OR(I1:K55,$V56)=TRUE,IF(SEARCH(I$1,$A56)>0,TRUE,FALSE)),"") | J56: =IFERROR(AND(OR(J1:K55,$V56)=TRUE,IF(SEARCH(J$1,$A56)>0,TRUE,FALSE)),"") | K56: =IFERROR(AND(OR(K1:K55,$V56)=TRUE,IF(SEARCH(K$1,$A56)>0,TRUE,FALSE)),"") | L56: =IFERROR(AND(OR(L1:L55,$V56)=TRUE,IF(SEARCH(L$1,$A56)>0,TRUE,FALSE)),"") | M56: =IFERROR(AND(OR(M1:P55,$V56)=TRUE,IF(SEARCH(M$1,$A56)>0,TRUE,FALSE)),"") | N56: =IFERROR(AND(OR(N1:P55,$V56)=TRUE,IF(SEARCH(N$1,$A56)>0,TRUE,FALSE)),"") | O56: =IFERROR(AND(OR(O1:P55,$V56)=TRUE,IF(SEARCH(O$1,$A56)>0,TRUE,FALSE)),"") | P56: =IFERROR(AND(OR(P1:P55,$V56)=TRUE,IF(SEARCH(P$1,$A56)>0,TRUE,FALSE)),"") -> FALSE | Q56: =IFERROR(AND(OR(Q1:R55,$V56)=TRUE,IF(SEARCH(Q$1,$A56)>0,TRUE,FALSE)),"") -> FALSE | R56: =IFERROR(AND(OR(R1:R55,$V56)=TRUE,IF(SEARCH(R$1,$A56)>0,TRUE,FALSE)),"") | S56: =IFERROR(AND(OR(S1:S55,$V56)=TRUE,IF(SEARCH(S$1,$A56)>0,TRUE,FALSE)),"") | T56: =COUNTIF(F56:S56,TRUE) -> 0 | U56: =IFERROR(AND(F56:S56), TRUE) -> FALSE | V56: =IF(E56="Y",TRUE,IF(E56="N",FALSE,0)) -> FALSE | W56: =IF(V56=FALSE, FALSE, U56) -> FALSE | X56: =IF(C56>'Overview (RESPONSES REQUIRED)'!$C$31,FALSE,TRUE) -> FALSE | Y56: =IF(D56>'Overview (RESPONSES REQUIRED)'!$C$34,FALSE,TRUE) -> FALSE | Z56: =AND(X56:Y56) -> FALSE | AA56: =IF(Z56=FALSE,"N",IF(W56=TRUE,"Y",IF(E56=0,"E","N"))) -> N
A57: CA_3C4-7A2-26A2 | B57: 3 | C57: 4 | D57: 12 | E57: =IF('LTE CA'!K59="Y", "Y", IF('LTE CA'!K59="N", "N", 0)) -> N | F57: =IFERROR(AND(OR(F1:G56,$V57)=TRUE,IF(SEARCH(F$1,$A57)>0,TRUE,FALSE)),"") | G57: =IFERROR(AND(OR(G1:G56,$V57)=TRUE,IF(SEARCH(G$1,$A57)>0,TRUE,FALSE)),"") | H57: =IFERROR(AND(OR(H1:K56,$V57)=TRUE,IF(SEARCH(H$1,$A57)>0,TRUE,FALSE)),"") | I57: =IFERROR(AND(OR(I1:K56,$V57)=TRUE,IF(SEARCH(I$1,$A57)>0,TRUE,FALSE)),"") | J57: =IFERROR(AND(OR(J1:K56,$V57)=TRUE,IF(SEARCH(J$1,$A57)>0,TRUE,FALSE)),"") | K57: =IFERROR(AND(OR(K1:K56,$V57)=TRUE,IF(SEARCH(K$1,$A57)>0,TRUE,FALSE)),"") -> FALSE | L57: =IFERROR(AND(OR(L1:L56,$V57)=TRUE,IF(SEARCH(L$1,$A57)>0,TRUE,FALSE)),"") | M57: =IFERROR(AND(OR(M1:P56,$V57)=TRUE,IF(SEARCH(M$1,$A57)>0,TRUE,FALSE)),"") -> FALSE | N57: =IFERROR(AND(OR(N1:P56,$V57)=TRUE,IF(SEARCH(N$1,$A57)>0,TRUE,FALSE)),"") | O57: =IFERROR(AND(OR(O1:P56,$V57)=TRUE,IF(SEARCH(O$1,$A57)>0,TRUE,FALSE)),"") | P57: =IFERROR(AND(OR(P1:P56,$V57)=TRUE,IF(SEARCH(P$1,$A57)>0,TRUE,FALSE)),"") | Q57: =IFERROR(AND(OR(Q1:R56,$V57)=TRUE,IF(SEARCH(Q$1,$A57)>0,TRUE,FALSE)),"") -> FALSE | R57: =IFERROR(AND(OR(R1:R56,$V57)=TRUE,IF(SEARCH(R$1,$A57)>0,TRUE,FALSE)),"") | S57: =IFERROR(AND(OR(S1:S56,$V57)=TRUE,IF(SEARCH(S$1,$A57)>0,TRUE,FALSE)),"") | T57: =COUNTIF(F57:S57,TRUE) -> 0 | U57: =IFERROR(AND(F57:S57), TRUE) -> FALSE | V57: =IF(E57="Y",TRUE,IF(E57="N",FALSE,0)) -> FALSE | W57: =IF(V57=FALSE, FALSE, U57) -> FALSE | X57: =IF(C57>'Overview (RESPONSES REQUIRED)'!$C$31,FALSE,TRUE) -> FALSE | Y57: =IF(D57>'Overview (RESPONSES REQUIRED)'!$C$34,FALSE,TRUE) -> FALSE | Z57: =AND(X57:Y57) -> FALSE | AA57: =IF(Z57=FALSE,"N",IF(W57=TRUE,"Y",IF(E57=0,"E","N"))) -> N
A58: CA_1A2-3C4-28A2 | B58: 3 | C58: 4 | D58: 12 | E58: =IF('LTE CA'!K60="Y", "Y", IF('LTE CA'!K60="N", "N", 0)) -> N | F58: =IFERROR(AND(OR(F1:G57,$V58)=TRUE,IF(SEARCH(F$1,$A58)>0,TRUE,FALSE)),"") -> FALSE | G58: =IFERROR(AND(OR(G1:G57,$V58)=TRUE,IF(SEARCH(G$1,$A58)>0,TRUE,FALSE)),"") | H58: =IFERROR(AND(OR(H1:K57,$V58)=TRUE,IF(SEARCH(H$1,$A58)>0,TRUE,FALSE)),"") | I58: =IFERROR(AND(OR(I1:K57,$V58)=TRUE,IF(SEARCH(I$1,$A58)>0,TRUE,FALSE)),"") | J58: =IFERROR(AND(OR(J1:K57,$V58)=TRUE,IF(SEARCH(J$1,$A58)>0,TRUE,FALSE)),"") | K58: =IFERROR(AND(OR(K1:K57,$V58)=TRUE,IF(SEARCH(K$1,$A58)>0,TRUE,FALSE)),"") -> FALSE | L58: =IFERROR(AND(OR(L1:L57,$V58)=TRUE,IF(SEARCH(L$1,$A58)>0,TRUE,FALSE)),"") | M58: =IFERROR(AND(OR(M1:P57,$V58)=TRUE,IF(SEARCH(M$1,$A58)>0,TRUE,FALSE)),"") | N58: =IFERROR(AND(OR(N1:P57,$V58)=TRUE,IF(SEARCH(N$1,$A58)>0,TRUE,FALSE)),"") | O58: =IFERROR(AND(OR(O1:P57,$V58)=TRUE,IF(SEARCH(O$1,$A58)>0,TRUE,FALSE)),"") | P58: =IFERROR(AND(OR(P1:P57,$V58)=TRUE,IF(SEARCH(P$1,$A58)>0,TRUE,FALSE)),"") | Q58: =IFERROR(AND(OR(Q1:R57,$V58)=TRUE,IF(SEARCH(Q$1,$A58)>0,TRUE,FALSE)),"") | R58: =IFERROR(AND(OR(R1:R57,$V58)=TRUE,IF(SEARCH(R$1,$A58)>0,TRUE,FALSE)),"") | S58: =IFERROR(AND(OR(S1:S57,$V58)=TRUE,IF(SEARCH(S$1,$A58)>0,TRUE,FALSE)),"") -> FALSE | T58: =COUNTIF(F58:S58,TRUE) -> 0 | U58: =IFERROR(AND(F58:S58), TRUE) -> FALSE | V58: =IF(E58="Y",TRUE,IF(E58="N",FALSE,0)) -> FALSE | W58: =IF(V58=FALSE, FALSE, U58) -> FALSE | X58: =IF(C58>'Overview (RESPONSES REQUIRED)'!$C$31,FALSE,TRUE) -> FALSE | Y58: =IF(D58>'Overview (RESPONSES REQUIRED)'!$C$34,FALSE,TRUE) -> FALSE | Z58: =AND(X58:Y58) -> FALSE | AA58: =IF(Z58=FALSE,"N",IF(W58=TRUE,"Y",IF(E58=0,"E","N"))) -> N
A59: CA_1A2-7C4-28A2 | B59: 3 | C59: 4 | D59: 12 | E59: =IF('LTE CA'!K61="Y", "Y", IF('LTE CA'!K61="N", "N", 0)) -> N | F59: =IFERROR(AND(OR(F1:G58,$V59)=TRUE,IF(SEARCH(F$1,$A59)>0,TRUE,FALSE)),"") -> FALSE | G59: =IFERROR(AND(OR(G1:G58,$V59)=TRUE,IF(SEARCH(G$1,$A59)>0,TRUE,FALSE)),"") | H59: =IFERROR(AND(OR(H1:K58,$V59)=TRUE,IF(SEARCH(H$1,$A59)>0,TRUE,FALSE)),"") | I59: =IFERROR(AND(OR(I1:K58,$V59)=TRUE,IF(SEARCH(I$1,$A59)>0,TRUE,FALSE)),"") | J59: =IFERROR(AND(OR(J1:K58,$V59)=TRUE,IF(SEARCH(J$1,$A59)>0,TRUE,FALSE)),"") | K59: =IFERROR(AND(OR(K1:K58,$V59)=TRUE,IF(SEARCH(K$1,$A59)>0,TRUE,FALSE)),"") | L59: =IFERROR(AND(OR(L1:L58,$V59)=TRUE,IF(SEARCH(L$1,$A59)>0,TRUE,FALSE)),"") | M59: =IFERROR(AND(OR(M1:P58,$V59)=TRUE,IF(SEARCH(M$1,$A59)>0,TRUE,FALSE)),"") | N59: =IFERROR(AND(OR(N1:P58,$V59)=TRUE,IF(SEARCH(N$1,$A59)>0,TRUE,FALSE)),"") | O59: =IFERROR(AND(OR(O1:P58,$V59)=TRUE,IF(SEARCH(O$1,$A59)>0,TRUE,FALSE)),"") | P59: =IFERROR(AND(OR(P1:P58,$V59)=TRUE,IF(SEARCH(P$1,$A59)>0,TRUE,FALSE)),"") -> FALSE | Q59: =IFERROR(AND(OR(Q1:R58,$V59)=TRUE,IF(SEARCH(Q$1,$A59)>0,TRUE,FALSE)),"") | R59: =IFERROR(AND(OR(R1:R58,$V59)=TRUE,IF(SEARCH(R$1,$A59)>0,TRUE,FALSE)),"") | S59: =IFERROR(AND(OR(S1:S58,$V59)=TRUE,IF(SEARCH(S$1,$A59)>0,TRUE,FALSE)),"") -> FALSE | T59: =COUNTIF(F59:S59,TRUE) -> 0 | U59: =IFERROR(AND(F59:S59), TRUE) -> FALSE | V59: =IF(E59="Y",TRUE,IF(E59="N",FALSE,0)) -> FALSE | W59: =IF(V59=FALSE, FALSE, U59) -> FALSE | X59: =IF(C59>'Overview (RESPONSES REQUIRED)'!$C$31,FALSE,TRUE) -> FALSE | Y59: =IF(D59>'Overview (RESPONSES REQUIRED)'!$C$34,FALSE,TRUE) -> FALSE | Z59: =AND(X59:Y59) -> FALSE | AA59: =IF(Z59=FALSE,"N",IF(W59=TRUE,"Y",IF(E59=0,"E","N"))) -> N
A60: CA_1A4-3A4-7C2 | B60: 3 | C60: 4 | D60: 12 | E60: =IF('LTE CA'!K62="Y", "Y", IF('LTE CA'!K62="N", "N", 0)) -> N | F60: =IFERROR(AND(OR(F1:G59,$V60)=TRUE,IF(SEARCH(F$1,$A60)>0,TRUE,FALSE)),"") | G60: =IFERROR(AND(OR(G1:G59,$V60)=TRUE,IF(SEARCH(G$1,$A60)>0,TRUE,FALSE)),"") -> FALSE | H60: =IFERROR(AND(OR(H1:K59,$V60)=TRUE,IF(SEARCH(H$1,$A60)>0,TRUE,FALSE)),"") | I60: =IFERROR(AND(OR(I1:K59,$V60)=TRUE,IF(SEARCH(I$1,$A60)>0,TRUE,FALSE)),"") -> FALSE | J60: =IFERROR(AND(OR(J1:K59,$V60)=TRUE,IF(SEARCH(J$1,$A60)>0,TRUE,FALSE)),"") | K60: =IFERROR(AND(OR(K1:K59,$V60)=TRUE,IF(SEARCH(K$1,$A60)>0,TRUE,FALSE)),"") | L60: =IFERROR(AND(OR(L1:L59,$V60)=TRUE,IF(SEARCH(L$1,$A60)>0,TRUE,FALSE)),"") | M60: =IFERROR(AND(OR(M1:P59,$V60)=TRUE,IF(SEARCH(M$1,$A60)>0,TRUE,FALSE)),"") | N60: =IFERROR(AND(OR(N1:P59,$V60)=TRUE,IF(SEARCH(N$1,$A60)>0,TRUE,FALSE)),"") | O60: =IFERROR(AND(OR(O1:P59,$V60)=TRUE,IF(SEARCH(O$1,$A60)>0,TRUE,FALSE)),"") -> FALSE | P60: =IFERROR(AND(OR(P1:P59,$V60)=TRUE,IF(SEARCH(P$1,$A60)>0,TRUE,FALSE)),"") | Q60: =IFERROR(AND(OR(Q1:R59,$V60)=TRUE,IF(SEARCH(Q$1,$A60)>0,TRUE,FALSE)),"") | R60: =IFERROR(AND(OR(R1:R59,$V60)=TRUE,IF(SEARCH(R$1,$A60)>0,TRUE,FALSE)),"") | S60: =IFERROR(AND(OR(S1:S59,$V60)=TRUE,IF(SEARCH(S$1,$A60)>0,TRUE,FALSE)),"") | T60: =COUNTIF(F60:S60,TRUE) -> 0 | U60: =IFERROR(AND(F60:S60), TRUE) -> FALSE | V60: =IF(E60="Y",TRUE,IF(E60="N",FALSE,0)) -> FALSE | W60: =IF(V60=FALSE, FALSE, U60) -> FALSE | X60: =IF(C60>'Overview (RESPONSES REQUIRED)'!$C$31,FALSE,TRUE) -> FALSE | Y60: =IF(D60>'Overview (RESPONSES REQUIRED)'!$C$34,FALSE,TRUE) -> FALSE | Z60: =AND(X60:Y60) -> FALSE | AA60: =IF(Z60=FALSE,"N",IF(W60=TRUE,"Y",IF(E60=0,"E","N"))) -> N
A61: CA_1A4-3C2-7A4 | B61: 3 | C61: 4 | D61: 12 | E61: =IF('LTE CA'!K63="Y", "Y", IF('LTE CA'!K63="N", "N", 0)) -> N | F61: =IFERROR(AND(OR(F1:G60,$V61)=TRUE,IF(SEARCH(F$1,$A61)>0,TRUE,FALSE)),"") | G61: =IFERROR(AND(OR(G1:G60,$V61)=TRUE,IF(SEARCH(G$1,$A61)>0,TRUE,FALSE)),"") -> FALSE | H61: =IFERROR(AND(OR(H1:K60,$V61)=TRUE,IF(SEARCH(H$1,$A61)>0,TRUE,FALSE)),"") | I61: =IFERROR(AND(OR(I1:K60,$V61)=TRUE,IF(SEARCH(I$1,$A61)>0,TRUE,FALSE)),"") | J61: =IFERROR(AND(OR(J1:K60,$V61)=TRUE,IF(SEARCH(J$1,$A61)>0,TRUE,FALSE)),"") -> FALSE | K61: =IFERROR(AND(OR(K1:K60,$V61)=TRUE,IF(SEARCH(K$1,$A61)>0,TRUE,FALSE)),"") | L61: =IFERROR(AND(OR(L1:L60,$V61)=TRUE,IF(SEARCH(L$1,$A61)>0,TRUE,FALSE)),"") | M61: =IFERROR(AND(OR(M1:P60,$V61)=TRUE,IF(SEARCH(M$1,$A61)>0,TRUE,FALSE)),"") | N61: =IFERROR(AND(OR(N1:P60,$V61)=TRUE,IF(SEARCH(N$1,$A61)>0,TRUE,FALSE)),"") -> FALSE | O61: =IFERROR(AND(OR(O1:P60,$V61)=TRUE,IF(SEARCH(O$1,$A61)>0,TRUE,FALSE)),"") | P61: =IFERROR(AND(OR(P1:P60,$V61)=TRUE,IF(SEARCH(P$1,$A61)>0,TRUE,FALSE)),"") | Q61: =IFERROR(AND(OR(Q1:R60,$V61)=TRUE,IF(SEARCH(Q$1,$A61)>0,TRUE,FALSE)),"") | R61: =IFERROR(AND(OR(R1:R60,$V61)=TRUE,IF(SEARCH(R$1,$A61)>0,TRUE,FALSE)),"") | S61: =IFERROR(AND(OR(S1:S60,$V61)=TRUE,IF(SEARCH(S$1,$A61)>0,TRUE,FALSE)),"") | T61: =COUNTIF(F61:S61,TRUE) -> 0 | U61: =IFERROR(AND(F61:S61), TRUE) -> FALSE | V61: =IF(E61="Y",TRUE,IF(E61="N",FALSE,0)) -> FALSE | W61: =IF(V61=FALSE, FALSE, U61) -> FALSE | X61: =IF(C61>'Overview (RESPONSES REQUIRED)'!$C$31,FALSE,TRUE) -> FALSE | Y61: =IF(D61>'Overview (RESPONSES REQUIRED)'!$C$34,FALSE,TRUE) -> FALSE | Z61: =AND(X61:Y61) -> FALSE | AA61: =IF(Z61=FALSE,"N",IF(W61=TRUE,"Y",IF(E61=0,"E","N"))) -> N
A62: CA_1A2-3A2-7C4 | B62: 3 | C62: 4 | D62: 12 | E62: =IF('LTE CA'!K64="Y", "Y", IF('LTE CA'!K64="N", "N", 0)) -> N | F62: =IFERROR(AND(OR(F1:G61,$V62)=TRUE,IF(SEARCH(F$1,$A62)>0,TRUE,FALSE)),"") -> FALSE | G62: =IFERROR(AND(OR(G1:G61,$V62)=TRUE,IF(SEARCH(G$1,$A62)>0,TRUE,FALSE)),"") | H62: =IFERROR(AND(OR(H1:K61,$V62)=TRUE,IF(SEARCH(H$1,$A62)>0,TRUE,FALSE)),"") -> FALSE | I62: =IFERROR(AND(OR(I1:K61,$V62)=TRUE,IF(SEARCH(I$1,$A62)>0,TRUE,FALSE)),"") | J62: =IFERROR(AND(OR(J1:K61,$V62)=TRUE,IF(SEARCH(J$1,$A62)>0,TRUE,FALSE)),"") | K62: =IFERROR(AND(OR(K1:K61,$V62)=TRUE,IF(SEARCH(K$1,$A62)>0,TRUE,FALSE)),"") | L62: =IFERROR(AND(OR(L1:L61,$V62)=TRUE,IF(SEARCH(L$1,$A62)>0,TRUE,FALSE)),"") | M62: =IFERROR(AND(OR(M1:P61,$V62)=TRUE,IF(SEARCH(M$1,$A62)>0,TRUE,FALSE)),"") | N62: =IFERROR(AND(OR(N1:P61,$V62)=TRUE,IF(SEARCH(N$1,$A62)>0,TRUE,FALSE)),"") | O62: =IFERROR(AND(OR(O1:P61,$V62)=TRUE,IF(SEARCH(O$1,$A62)>0,TRUE,FALSE)),"") | P62: =IFERROR(AND(OR(P1:P61,$V62)=TRUE,IF(SEARCH(P$1,$A62)>0,TRUE,FALSE)),"") -> FALSE | Q62: =IFERROR(AND(OR(Q1:R61,$V62)=TRUE,IF(SEARCH(Q$1,$A62)>0,TRUE,FALSE)),"") | R62: =IFERROR(AND(OR(R1:R61,$V62)=TRUE,IF(SEARCH(R$1,$A62)>0,TRUE,FALSE)),"") | S62: =IFERROR(AND(OR(S1:S61,$V62)=TRUE,IF(SEARCH(S$1,$A62)>0,TRUE,FALSE)),"") | T62: =COUNTIF(F62:S62,TRUE) -> 0 | U62: =IFERROR(AND(F62:S62), TRUE) -> FALSE | V62: =IF(E62="Y",TRUE,IF(E62="N",FALSE,0)) -> FALSE | W62: =IF(V62=FALSE, FALSE, U62) -> FALSE | X62: =IF(C62>'Overview (RESPONSES REQUIRED)'!$C$31,FALSE,TRUE) -> FALSE | Y62: =IF(D62>'Overview (RESPONSES REQUIRED)'!$C$34,FALSE,TRUE) -> FALSE | Z62: =AND(X62:Y62) -> FALSE | AA62: =IF(Z62=FALSE,"N",IF(W62=TRUE,"Y",IF(E62=0,"E","N"))) -> N
A63: CA_1A2-3C4-7A2 | B63: 3 | C63: 4 | D63: 12 | E63: =IF('LTE CA'!K65="Y", "Y", IF('LTE CA'!K65="N", "N", 0)) -> N | F63: =IFERROR(AND(OR(F1:G62,$V63)=TRUE,IF(SEARCH(F$1,$A63)>0,TRUE,FALSE)),"") -> FALSE | G63: =IFERROR(AND(OR(G1:G62,$V63)=TRUE,IF(SEARCH(G$1,$A63)>0,TRUE,FALSE)),"") | H63: =IFERROR(AND(OR(H1:K62,$V63)=TRUE,IF(SEARCH(H$1,$A63)>0,TRUE,FALSE)),"") | I63: =IFERROR(AND(OR(I1:K62,$V63)=TRUE,IF(SEARCH(I$1,$A63)>0,TRUE,FALSE)),"") | J63: =IFERROR(AND(OR(J1:K62,$V63)=TRUE,IF(SEARCH(J$1,$A63)>0,TRUE,FALSE)),"") | K63: =IFERROR(AND(OR(K1:K62,$V63)=TRUE,IF(SEARCH(K$1,$A63)>0,TRUE,FALSE)),"") -> FALSE | L63: =IFERROR(AND(OR(L1:L62,$V63)=TRUE,IF(SEARCH(L$1,$A63)>0,TRUE,FALSE)),"") | M63: =IFERROR(AND(OR(M1:P62,$V63)=TRUE,IF(SEARCH(M$1,$A63)>0,TRUE,FALSE)),"") -> FALSE | N63: =IFERROR(AND(OR(N1:P62,$V63)=TRUE,IF(SEARCH(N$1,$A63)>0,TRUE,FALSE)),"") | O63: =IFERROR(AND(OR(O1:P62,$V63)=TRUE,IF(SEARCH(O$1,$A63)>0,TRUE,FALSE)),"") | P63: =IFERROR(AND(OR(P1:P62,$V63)=TRUE,IF(SEARCH(P$1,$A63)>0,TRUE,FALSE)),"") | Q63: =IFERROR(AND(OR(Q1:R62,$V63)=TRUE,IF(SEARCH(Q$1,$A63)>0,TRUE,FALSE)),"") | R63: =IFERROR(AND(OR(R1:R62,$V63)=TRUE,IF(SEARCH(R$1,$A63)>0,TRUE,FALSE)),"") | S63: =IFERROR(AND(OR(S1:S62,$V63)=TRUE,IF(SEARCH(S$1,$A63)>0,TRUE,FALSE)),"") | T63: =COUNTIF(F63:S63,TRUE) -> 0 | U63: =IFERROR(AND(F63:S63), TRUE) -> FALSE | V63: =IF(E63="Y",TRUE,IF(E63="N",FALSE,0)) -> FALSE | W63: =IF(V63=FALSE, FALSE, U63) -> FALSE | X63: =IF(C63>'Overview (RESPONSES REQUIRED)'!$C$31,FALSE,TRUE) -> FALSE | Y63: =IF(D63>'Overview (RESPONSES REQUIRED)'!$C$34,FALSE,TRUE) -> FALSE | Z63: =AND(X63:Y63) -> FALSE | AA63: =IF(Z63=FALSE,"N",IF(W63=TRUE,"Y",IF(E63=0,"E","N"))) -> N
A64: CA_1A4-3A4-7A4 | B64: 3 | C64: 3 | D64: 12 | E64: =IF('LTE CA'!K66="Y", "Y", IF('LTE CA'!K66="N", "N", 0)) -> N | F64: =IFERROR(AND(OR(F1:G63,$V64)=TRUE,IF(SEARCH(F$1,$A64)>0,TRUE,FALSE)),"") | G64: =IFERROR(AND(OR(G1:G63,$V64)=TRUE,IF(SEARCH(G$1,$A64)>0,TRUE,FALSE)),"") -> FALSE | H64: =IFERROR(AND(OR(H1:K63,$V64)=TRUE,IF(SEARCH(H$1,$A64)>0,TRUE,FALSE)),"") | I64: =IFERROR(AND(OR(I1:K63,$V64)=TRUE,IF(SEARCH(I$1,$A64)>0,TRUE,FALSE)),"") -> FALSE | J64: =IFERROR(AND(OR(J1:K63,$V64)=TRUE,IF(SEARCH(J$1,$A64)>0,TRUE,FALSE)),"") | K64: =IFERROR(AND(OR(K1:K63,$V64)=TRUE,IF(SEARCH(K$1,$A64)>0,TRUE,FALSE)),"") | L64: =IFERROR(AND(OR(L1:L63,$V64)=TRUE,IF(SEARCH(L$1,$A64)>0,TRUE,FALSE)),"") | M64: =IFERROR(AND(OR(M1:P63,$V64)=TRUE,IF(SEARCH(M$1,$A64)>0,TRUE,FALSE)),"") | N64: =IFERROR(AND(OR(N1:P63,$V64)=TRUE,IF(SEARCH(N$1,$A64)>0,TRUE,FALSE)),"") -> FALSE | O64: =IFERROR(AND(OR(O1:P63,$V64)=TRUE,IF(SEARCH(O$1,$A64)>0,TRUE,FALSE)),"") | P64: =IFERROR(AND(OR(P1:P63,$V64)=TRUE,IF(SEARCH(P$1,$A64)>0,TRUE,FALSE)),"") | Q64: =IFERROR(AND(OR(Q1:R63,$V64)=TRUE,IF(SEARCH(Q$1,$A64)>0,TRUE,FALSE)),"") | R64: =IFERROR(AND(OR(R1:R63,$V64)=TRUE,IF(SEARCH(R$1,$A64)>0,TRUE,FALSE)),"") | S64: =IFERROR(AND(OR(S1:S63,$V64)=TRUE,IF(SEARCH(S$1,$A64)>0,TRUE,FALSE)),"") | T64: =COUNTIF(F64:S64,TRUE) -> 0 | U64: =IFERROR(AND(F64:S64), TRUE) -> FALSE | V64: =IF(E64="Y",TRUE,IF(E64="N",FALSE,0)) -> FALSE | W64: =IF(V64=FALSE, FALSE, U64) -> FALSE | X64: =IF(C64>'Overview (RESPONSES REQUIRED)'!$C$31,FALSE,TRUE) -> FALSE | Y64: =IF(D64>'Overview (RESPONSES REQUIRED)'!$C$34,FALSE,TRUE) -> FALSE | Z64: =AND(X64:Y64) -> FALSE | AA64: =IF(Z64=FALSE,"N",IF(W64=TRUE,"Y",IF(E64=0,"E","N"))) -> N
A65: CA_3C2-7C2-28A2 | B65: 3 | C65: 5 | D65: 10 | E65: =IF('LTE CA'!K67="Y", "Y", IF('LTE CA'!K67="N", "N", 0)) -> N | F65: =IFERROR(AND(OR(F1:G64,$V65)=TRUE,IF(SEARCH(F$1,$A65)>0,TRUE,FALSE)),"") | G65: =IFERROR(AND(OR(G1:G64,$V65)=TRUE,IF(SEARCH(G$1,$A65)>0,TRUE,FALSE)),"") | H65: =IFERROR(AND(OR(H1:K64,$V65)=TRUE,IF(SEARCH(H$1,$A65)>0,TRUE,FALSE)),"") | I65: =IFERROR(AND(OR(I1:K64,$V65)=TRUE,IF(SEARCH(I$1,$A65)>0,TRUE,FALSE)),"") | J65: =IFERROR(AND(OR(J1:K64,$V65)=TRUE,IF(SEARCH(J$1,$A65)>0,TRUE,FALSE)),"") -> FALSE | K65: =IFERROR(AND(OR(K1:K64,$V65)=TRUE,IF(SEARCH(K$1,$A65)>0,TRUE,FALSE)),"") | L65: =IFERROR(AND(OR(L1:L64,$V65)=TRUE,IF(SEARCH(L$1,$A65)>0,TRUE,FALSE)),"") | M65: =IFERROR(AND(OR(M1:P64,$V65)=TRUE,IF(SEARCH(M$1,$A65)>0,TRUE,FALSE)),"") | N65: =IFERROR(AND(OR(N1:P64,$V65)=TRUE,IF(SEARCH(N$1,$A65)>0,TRUE,FALSE)),"") | O65: =IFERROR(AND(OR(O1:P64,$V65)=TRUE,IF(SEARCH(O$1,$A65)>0,TRUE,FALSE)),"") -> FALSE | P65: =IFERROR(AND(OR(P1:P64,$V65)=TRUE,IF(SEARCH(P$1,$A65)>0,TRUE,FALSE)),"") | Q65: =IFERROR(AND(OR(Q1:R64,$V65)=TRUE,IF(SEARCH(Q$1,$A65)>0,TRUE,FALSE)),"") | R65: =IFERROR(AND(OR(R1:R64,$V65)=TRUE,IF(SEARCH(R$1,$A65)>0,TRUE,FALSE)),"") | S65: =IFERROR(AND(OR(S1:S64,$V65)=TRUE,IF(SEARCH(S$1,$A65)>0,TRUE,FALSE)),"") -> FALSE | T65: =COUNTIF(F65:S65,TRUE) -> 0 | U65: =IFERROR(AND(F65:S65), TRUE) -> FALSE | V65: =IF(E65="Y",TRUE,IF(E65="N",FALSE,0)) -> FALSE | W65: =IF(V65=FALSE, FALSE, U65) -> FALSE | X65: =IF(C65>'Overview (RESPONSES REQUIRED)'!$C$31,FALSE,TRUE) -> FALSE | Y65: =IF(D65>'Overview (RESPONSES REQUIRED)'!$C$34,FALSE,TRUE) -> FALSE | Z65: =AND(X65:Y65) -> FALSE | AA65: =IF(Z65=FALSE,"N",IF(W65=TRUE,"Y",IF(E65=0,"E","N"))) -> N
A66: CA_3C2-7C2-26A2 | B66: 3 | C66: 5 | D66: 10 | E66: =IF('LTE CA'!K68="Y", "Y", IF('LTE CA'!K68="N", "N", 0)) -> N | F66: =IFERROR(AND(OR(F1:G65,$V66)=TRUE,IF(SEARCH(F$1,$A66)>0,TRUE,FALSE)),"") | G66: =IFERROR(AND(OR(G1:G65,$V66)=TRUE,IF(SEARCH(G$1,$A66)>0,TRUE,FALSE)),"") | H66: =IFERROR(AND(OR(H1:K65,$V66)=TRUE,IF(SEARCH(H$1,$A66)>0,TRUE,FALSE)),"") | I66: =IFERROR(AND(OR(I1:K65,$V66)=TRUE,IF(SEARCH(I$1,$A66)>0,TRUE,FALSE)),"") | J66: =IFERROR(AND(OR(J1:K65,$V66)=TRUE,IF(SEARCH(J$1,$A66)>0,TRUE,FALSE)),"") -> FALSE | K66: =IFERROR(AND(OR(K1:K65,$V66)=TRUE,IF(SEARCH(K$1,$A66)>0,TRUE,FALSE)),"") | L66: =IFERROR(AND(OR(L1:L65,$V66)=TRUE,IF(SEARCH(L$1,$A66)>0,TRUE,FALSE)),"") | M66: =IFERROR(AND(OR(M1:P65,$V66)=TRUE,IF(SEARCH(M$1,$A66)>0,TRUE,FALSE)),"") | N66: =IFERROR(AND(OR(N1:P65,$V66)=TRUE,IF(SEARCH(N$1,$A66)>0,TRUE,FALSE)),"") | O66: =IFERROR(AND(OR(O1:P65,$V66)=TRUE,IF(SEARCH(O$1,$A66)>0,TRUE,FALSE)),"") -> FALSE | P66: =IFERROR(AND(OR(P1:P65,$V66)=TRUE,IF(SEARCH(P$1,$A66)>0,TRUE,FALSE)),"") | Q66: =IFERROR(AND(OR(Q1:R65,$V66)=TRUE,IF(SEARCH(Q$1,$A66)>0,TRUE,FALSE)),"") -> FALSE | R66: =IFERROR(AND(OR(R1:R65,$V66)=TRUE,IF(SEARCH(R$1,$A66)>0,TRUE,FALSE)),"") | S66: =IFERROR(AND(OR(S1:S65,$V66)=TRUE,IF(SEARCH(S$1,$A66)>0,TRUE,FALSE)),"") | T66: =COUNTIF(F66:S66,TRUE) -> 0 | U66: =IFERROR(AND(F66:S66), TRUE) -> FALSE | V66: =IF(E66="Y",TRUE,IF(E66="N",FALSE,0)) -> FALSE | W66: =IF(V66=FALSE, FALSE, U66) -> FALSE | X66: =IF(C66>'Overview (RESPONSES REQUIRED)'!$C$31,FALSE,TRUE) -> FALSE | Y66: =IF(D66>'Overview (RESPONSES REQUIRED)'!$C$34,FALSE,TRUE) -> FALSE | Z66: =AND(X66:Y66) -> FALSE | AA66: =IF(Z66=FALSE,"N",IF(W66=TRUE,"Y",IF(E66=0,"E","N"))) -> N
A67: CA_1A2-3C2-7C2 | B67: 3 | C67: 5 | D67: 10 | E67: =IF('LTE CA'!K69="Y", "Y", IF('LTE CA'!K69="N", "N", 0)) -> N | F67: =IFERROR(AND(OR(F1:G66,$V67)=TRUE,IF(SEARCH(F$1,$A67)>0,TRUE,FALSE)),"") -> FALSE | G67: =IFERROR(AND(OR(G1:G66,$V67)=TRUE,IF(SEARCH(G$1,$A67)>0,TRUE,FALSE)),"") | H67: =IFERROR(AND(OR(H1:K66,$V67)=TRUE,IF(SEARCH(H$1,$A67)>0,TRUE,FALSE)),"") | I67: =IFERROR(AND(OR(I1:K66,$V67)=TRUE,IF(SEARCH(I$1,$A67)>0,TRUE,FALSE)),"") | J67: =IFERROR(AND(OR(J1:K66,$V67)=TRUE,IF(SEARCH(J$1,$A67)>0,TRUE,FALSE)),"") -> FALSE | K67: =IFERROR(AND(OR(K1:K66,$V67)=TRUE,IF(SEARCH(K$1,$A67)>0,TRUE,FALSE)),"") | L67: =IFERROR(AND(OR(L1:L66,$V67)=TRUE,IF(SEARCH(L$1,$A67)>0,TRUE,FALSE)),"") | M67: =IFERROR(AND(OR(M1:P66,$V67)=TRUE,IF(SEARCH(M$1,$A67)>0,TRUE,FALSE)),"") | N67: =IFERROR(AND(OR(N1:P66,$V67)=TRUE,IF(SEARCH(N$1,$A67)>0,TRUE,FALSE)),"") | O67: =IFERROR(AND(OR(O1:P66,$V67)=TRUE,IF(SEARCH(O$1,$A67)>0,TRUE,FALSE)),"") -> FALSE | P67: =IFERROR(AND(OR(P1:P66,$V67)=TRUE,IF(SEARCH(P$1,$A67)>0,TRUE,FALSE)),"") | Q67: =IFERROR(AND(OR(Q1:R66,$V67)=TRUE,IF(SEARCH(Q$1,$A67)>0,TRUE,FALSE)),"") | R67: =IFERROR(AND(OR(R1:R66,$V67)=TRUE,IF(SEARCH(R$1,$A67)>0,TRUE,FALSE)),"") | S67: =IFERROR(AND(OR(S1:S66,$V67)=TRUE,IF(SEARCH(S$1,$A67)>0,TRUE,FALSE)),"") | T67: =COUNTIF(F67:S67,TRUE) -> 0 | U67: =IFERROR(AND(F67:S67), TRUE) -> FALSE | V67: =IF(E67="Y",TRUE,IF(E67="N",FALSE,0)) -> FALSE | W67: =IF(V67=FALSE, FALSE, U67) -> FALSE | X67: =IF(C67>'Overview (RESPONSES REQUIRED)'!$C$31,FALSE,TRUE) -> FALSE | Y67: =IF(D67>'Overview (RESPONSES REQUIRED)'!$C$34,FALSE,TRUE) -> FALSE | Z67: =AND(X67:Y67) -> FALSE | AA67: =IF(Z67=FALSE,"N",IF(W67=TRUE,"Y",IF(E67=0,"E","N"))) -> N
A68: CA_3A4-7C2-28A2 | B68: 3 | C68: 4 | D68: 10 | E68: =IF('LTE CA'!K70="Y", "Y", IF('LTE CA'!K70="N", "N", 0)) -> N | F68: =IFERROR(AND(OR(F1:G67,$V68)=TRUE,IF(SEARCH(F$1,$A68)>0,TRUE,FALSE)),"") | G68: =IFERROR(AND(OR(G1:G67,$V68)=TRUE,IF(SEARCH(G$1,$A68)>0,TRUE,FALSE)),"") | H68: =IFERROR(AND(OR(H1:K67,$V68)=TRUE,IF(SEARCH(H$1,$A68)>0,TRUE,FALSE)),"") | I68: =IFERROR(AND(OR(I1:K67,$V68)=TRUE,IF(SEARCH(I$1,$A68)>0,TRUE,FALSE)),"") -> FALSE | J68: =IFERROR(AND(OR(J1:K67,$V68)=TRUE,IF(SEARCH(J$1,$A68)>0,TRUE,FALSE)),"") | K68: =IFERROR(AND(OR(K1:K67,$V68)=TRUE,IF(SEARCH(K$1,$A68)>0,TRUE,FALSE)),"") | L68: =IFERROR(AND(OR(L1:L67,$V68)=TRUE,IF(SEARCH(L$1,$A68)>0,TRUE,FALSE)),"") | M68: =IFERROR(AND(OR(M1:P67,$V68)=TRUE,IF(SEARCH(M$1,$A68)>0,TRUE,FALSE)),"") | N68: =IFERROR(AND(OR(N1:P67,$V68)=TRUE,IF(SEARCH(N$1,$A68)>0,TRUE,FALSE)),"") | O68: =IFERROR(AND(OR(O1:P67,$V68)=TRUE,IF(SEARCH(O$1,$A68)>0,TRUE,FALSE)),"") -> FALSE | P68: =IFERROR(AND(OR(P1:P67,$V68)=TRUE,IF(SEARCH(P$1,$A68)>0,TRUE,FALSE)),"") | Q68: =IFERROR(AND(OR(Q1:R67,$V68)=TRUE,IF(SEARCH(Q$1,$A68)>0,TRUE,FALSE)),"") | R68: =IFERROR(AND(OR(R1:R67,$V68)=TRUE,IF(SEARCH(R$1,$A68)>0,TRUE,FALSE)),"") | S68: =IFERROR(AND(OR(S1:S67,$V68)=TRUE,IF(SEARCH(S$1,$A68)>0,TRUE,FALSE)),"") -> FALSE | T68: =COUNTIF(F68:S68,TRUE) -> 0 | U68: =IFERROR(AND(F68:S68), TRUE) -> FALSE | V68: =IF(E68="Y",TRUE,IF(E68="N",FALSE,0)) -> FALSE | W68: =IF(V68=FALSE, FALSE, U68) -> FALSE | X68: =IF(C68>'Overview (RESPONSES REQUIRED)'!$C$31,FALSE,TRUE) -> FALSE | Y68: =IF(D68>'Overview (RESPONSES REQUIRED)'!$C$34,FALSE,TRUE) -> FALSE | Z68: =AND(X68:Y68) -> FALSE | AA68: =IF(Z68=FALSE,"N",IF(W68=TRUE,"Y",IF(E68=0,"E","N"))) -> N
A69: CA_3C2-7A4-28A2 | B69: 3 | C69: 4 | D69: 10 | E69: =IF('LTE CA'!K71="Y", "Y", IF('LTE CA'!K71="N", "N", 0)) -> N | F69: =IFERROR(AND(OR(F1:G68,$V69)=TRUE,IF(SEARCH(F$1,$A69)>0,TRUE,FALSE)),"") | G69: =IFERROR(AND(OR(G1:G68,$V69)=TRUE,IF(SEARCH(G$1,$A69)>0,TRUE,FALSE)),"") | H69: =IFERROR(AND(OR(H1:K68,$V69)=TRUE,IF(SEARCH(H$1,$A69)>0,TRUE,FALSE)),"") | I69: =IFERROR(AND(OR(I1:K68,$V69)=TRUE,IF(SEARCH(I$1,$A69)>0,TRUE,FALSE)),"") | J69: =IFERROR(AND(OR(J1:K68,$V69)=TRUE,IF(SEARCH(J$1,$A69)>0,TRUE,FALSE)),"") -> FALSE | K69: =IFERROR(AND(OR(K1:K68,$V69)=TRUE,IF(SEARCH(K$1,$A69)>0,TRUE,FALSE)),"") | L69: =IFERROR(AND(OR(L1:L68,$V69)=TRUE,IF(SEARCH(L$1,$A69)>0,TRUE,FALSE)),"") | M69: =IFERROR(AND(OR(M1:P68,$V69)=TRUE,IF(SEARCH(M$1,$A69)>0,TRUE,FALSE)),"") | N69: =IFERROR(AND(OR(N1:P68,$V69)=TRUE,IF(SEARCH(N$1,$A69)>0,TRUE,FALSE)),"") -> FALSE | O69: =IFERROR(AND(OR(O1:P68,$V69)=TRUE,IF(SEARCH(O$1,$A69)>0,TRUE,FALSE)),"") | P69: =IFERROR(AND(OR(P1:P68,$V69)=TRUE,IF(SEARCH(P$1,$A69)>0,TRUE,FALSE)),"") | Q69: =IFERROR(AND(OR(Q1:R68,$V69)=TRUE,IF(SEARCH(Q$1,$A69)>0,TRUE,FALSE)),"") | R69: =IFERROR(AND(OR(R1:R68,$V69)=TRUE,IF(SEARCH(R$1,$A69)>0,TRUE,FALSE)),"") | S69: =IFERROR(AND(OR(S1:S68,$V69)=TRUE,IF(SEARCH(S$1,$A69)>0,TRUE,FALSE)),"") -> FALSE | T69: =COUNTIF(F69:S69,TRUE) -> 0 | U69: =IFERROR(AND(F69:S69), TRUE) -> FALSE | V69: =IF(E69="Y",TRUE,IF(E69="N",FALSE,0)) -> FALSE | W69: =IF(V69=FALSE, FALSE, U69) -> FALSE | X69: =IF(C69>'Overview (RESPONSES REQUIRED)'!$C$31,FALSE,TRUE) -> FALSE | Y69: =IF(D69>'Overview (RESPONSES REQUIRED)'!$C$34,FALSE,TRUE) -> FALSE | Z69: =AND(X69:Y69) -> FALSE | AA69: =IF(Z69=FALSE,"N",IF(W69=TRUE,"Y",IF(E69=0,"E","N"))) -> N
A70: CA_3A4-7C2-26A2 | B70: 3 | C70: 4 | D70: 10 | E70: =IF('LTE CA'!K72="Y", "Y", IF('LTE CA'!K72="N", "N", 0)) -> N | F70: =IFERROR(AND(OR(F1:G69,$V70)=TRUE,IF(SEARCH(F$1,$A70)>0,TRUE,FALSE)),"") | G70: =IFERROR(AND(OR(G1:G69,$V70)=TRUE,IF(SEARCH(G$1,$A70)>0,TRUE,FALSE)),"") | H70: =IFERROR(AND(OR(H1:K69,$V70)=TRUE,IF(SEARCH(H$1,$A70)>0,TRUE,FALSE)),"") | I70: =IFERROR(AND(OR(I1:K69,$V70)=TRUE,IF(SEARCH(I$1,$A70)>0,TRUE,FALSE)),"") -> FALSE | J70: =IFERROR(AND(OR(J1:K69,$V70)=TRUE,IF(SEARCH(J$1,$A70)>0,TRUE,FALSE)),"") | K70: =IFERROR(AND(OR(K1:K69,$V70)=TRUE,IF(SEARCH(K$1,$A70)>0,TRUE,FALSE)),"") | L70: =IFERROR(AND(OR(L1:L69,$V70)=TRUE,IF(SEARCH(L$1,$A70)>0,TRUE,FALSE)),"") | M70: =IFERROR(AND(OR(M1:P69,$V70)=TRUE,IF(SEARCH(M$1,$A70)>0,TRUE,FALSE)),"") | N70: =IFERROR(AND(OR(N1:P69,$V70)=TRUE,IF(SEARCH(N$1,$A70)>0,TRUE,FALSE)),"") | O70: =IFERROR(AND(OR(O1:P69,$V70)=TRUE,IF(SEARCH(O$1,$A70)>0,TRUE,FALSE)),"") -> FALSE | P70: =IFERROR(AND(OR(P1:P69,$V70)=TRUE,IF(SEARCH(P$1,$A70)>0,TRUE,FALSE)),"") | Q70: =IFERROR(AND(OR(Q1:R69,$V70)=TRUE,IF(SEARCH(Q$1,$A70)>0,TRUE,FALSE)),"") -> FALSE | R70: =IFERROR(AND(OR(R1:R69,$V70)=TRUE,IF(SEARCH(R$1,$A70)>0,TRUE,FALSE)),"") | S70: =IFERROR(AND(OR(S1:S69,$V70)=TRUE,IF(SEARCH(S$1,$A70)>0,TRUE,FALSE)),"") | T70: =COUNTIF(F70:S70,TRUE) -> 0 | U70: =IFERROR(AND(F70:S70), TRUE) -> FALSE | V70: =IF(E70="Y",TRUE,IF(E70="N",FALSE,0)) -> FALSE | W70: =IF(V70=FALSE, FALSE, U70) -> FALSE | X70: =IF(C70>'Overview (RESPONSES REQUIRED)'!$C$31,FALSE,TRUE) -> FALSE | Y70: =IF(D70>'Overview (RESPONSES REQUIRED)'!$C$34,FALSE,TRUE) -> FALSE | Z70: =AND(X70:Y70) -> FALSE | AA70: =IF(Z70=FALSE,"N",IF(W70=TRUE,"Y",IF(E70=0,"E","N"))) -> N
A71: CA_3C2-7A4-26A2 | B71: 3 | C71: 4 | D71: 10 | E71: =IF('LTE CA'!K73="Y", "Y", IF('LTE CA'!K73="N", "N", 0)) -> N | F71: =IFERROR(AND(OR(F1:G70,$V71)=TRUE,IF(SEARCH(F$1,$A71)>0,TRUE,FALSE)),"") | G71: =IFERROR(AND(OR(G1:G70,$V71)=TRUE,IF(SEARCH(G$1,$A71)>0,TRUE,FALSE)),"") | H71: =IFERROR(AND(OR(H1:K70,$V71)=TRUE,IF(SEARCH(H$1,$A71)>0,TRUE,FALSE)),"") | I71: =IFERROR(AND(OR(I1:K70,$V71)=TRUE,IF(SEARCH(I$1,$A71)>0,TRUE,FALSE)),"") | J71: =IFERROR(AND(OR(J1:K70,$V71)=TRUE,IF(SEARCH(J$1,$A71)>0,TRUE,FALSE)),"") -> FALSE | K71: =IFERROR(AND(OR(K1:K70,$V71)=TRUE,IF(SEARCH(K$1,$A71)>0,TRUE,FALSE)),"") | L71: =IFERROR(AND(OR(L1:L70,$V71)=TRUE,IF(SEARCH(L$1,$A71)>0,TRUE,FALSE)),"") | M71: =IFERROR(AND(OR(M1:P70,$V71)=TRUE,IF(SEARCH(M$1,$A71)>0,TRUE,FALSE)),"") | N71: =IFERROR(AND(OR(N1:P70,$V71)=TRUE,IF(SEARCH(N$1,$A71)>0,TRUE,FALSE)),"") -> FALSE | O71: =IFERROR(AND(OR(O1:P70,$V71)=TRUE,IF(SEARCH(O$1,$A71)>0,TRUE,FALSE)),"") | P71: =IFERROR(AND(OR(P1:P70,$V71)=TRUE,IF(SEARCH(P$1,$A71)>0,TRUE,FALSE)),"") | Q71: =IFERROR(AND(OR(Q1:R70,$V71)=TRUE,IF(SEARCH(Q$1,$A71)>0,TRUE,FALSE)),"") -> FALSE | R71: =IFERROR(AND(OR(R1:R70,$V71)=TRUE,IF(SEARCH(R$1,$A71)>0,TRUE,FALSE)),"") | S71: =IFERROR(AND(OR(S1:S70,$V71)=TRUE,IF(SEARCH(S$1,$A71)>0,TRUE,FALSE)),"") | T71: =COUNTIF(F71:S71,TRUE) -> 0 | U71: =IFERROR(AND(F71:S71), TRUE) -> FALSE | V71: =IF(E71="Y",TRUE,IF(E71="N",FALSE,0)) -> FALSE | W71: =IF(V71=FALSE, FALSE, U71) -> FALSE | X71: =IF(C71>'Overview (RESPONSES REQUIRED)'!$C$31,FALSE,TRUE) -> FALSE | Y71: =IF(D71>'Overview (RESPONSES REQUIRED)'!$C$34,FALSE,TRUE) -> FALSE | Z71: =AND(X71:Y71) -> FALSE | AA71: =IF(Z71=FALSE,"N",IF(W71=TRUE,"Y",IF(E71=0,"E","N"))) -> N
A72: CA_1A4-3C2-28A2 | B72: 3 | C72: 4 | D72: 10 | E72: =IF('LTE CA'!K74="Y", "Y", IF('LTE CA'!K74="N", "N", 0)) -> N | F72: =IFERROR(AND(OR(F1:G71,$V72)=TRUE,IF(SEARCH(F$1,$A72)>0,TRUE,FALSE)),"") | G72: =IFERROR(AND(OR(G1:G71,$V72)=TRUE,IF(SEARCH(G$1,$A72)>0,TRUE,FALSE)),"") -> FALSE | H72: =IFERROR(AND(OR(H1:K71,$V72)=TRUE,IF(SEARCH(H$1,$A72)>0,TRUE,FALSE)),"") | I72: =IFERROR(AND(OR(I1:K71,$V72)=TRUE,IF(SEARCH(I$1,$A72)>0,TRUE,FALSE)),"") | J72: =IFERROR(AND(OR(J1:K71,$V72)=TRUE,IF(SEARCH(J$1,$A72)>0,TRUE,FALSE)),"") -> FALSE | K72: =IFERROR(AND(OR(K1:K71,$V72)=TRUE,IF(SEARCH(K$1,$A72)>0,TRUE,FALSE)),"") | L72: =IFERROR(AND(OR(L1:L71,$V72)=TRUE,IF(SEARCH(L$1,$A72)>0,TRUE,FALSE)),"") | M72: =IFERROR(AND(OR(M1:P71,$V72)=TRUE,IF(SEARCH(M$1,$A72)>0,TRUE,FALSE)),"") | N72: =IFERROR(AND(OR(N1:P71,$V72)=TRUE,IF(SEARCH(N$1,$A72)>0,TRUE,FALSE)),"") | O72: =IFERROR(AND(OR(O1:P71,$V72)=TRUE,IF(SEARCH(O$1,$A72)>0,TRUE,FALSE)),"") | P72: =IFERROR(AND(OR(P1:P71,$V72)=TRUE,IF(SEARCH(P$1,$A72)>0,TRUE,FALSE)),"") | Q72: =IFERROR(AND(OR(Q1:R71,$V72)=TRUE,IF(SEARCH(Q$1,$A72)>0,TRUE,FALSE)),"") | R72: =IFERROR(AND(OR(R1:R71,$V72)=TRUE,IF(SEARCH(R$1,$A72)>0,TRUE,FALSE)),"") | S72: =IFERROR(AND(OR(S1:S71,$V72)=TRUE,IF(SEARCH(S$1,$A72)>0,TRUE,FALSE)),"") -> FALSE | T72: =COUNTIF(F72:S72,TRUE) -> 0 | U72: =IFERROR(AND(F72:S72), TRUE) -> FALSE | V72: =IF(E72="Y",TRUE,IF(E72="N",FALSE,0)) -> FALSE | W72: =IF(V72=FALSE, FALSE, U72) -> FALSE | X72: =IF(C72>'Overview (RESPONSES REQUIRED)'!$C$31,FALSE,TRUE) -> FALSE | Y72: =IF(D72>'Overview (RESPONSES REQUIRED)'!$C$34,FALSE,TRUE) -> FALSE | Z72: =AND(X72:Y72) -> FALSE | AA72: =IF(Z72=FALSE,"N",IF(W72=TRUE,"Y",IF(E72=0,"E","N"))) -> N
A73: CA_1A4-7C2-28A2 | B73: 3 | C73: 4 | D73: 10 | E73: =IF('LTE CA'!K75="Y", "Y", IF('LTE CA'!K75="N", "N", 0)) -> N | F73: =IFERROR(AND(OR(F1:G72,$V73)=TRUE,IF(SEARCH(F$1,$A73)>0,TRUE,FALSE)),"") | G73: =IFERROR(AND(OR(G1:G72,$V73)=TRUE,IF(SEARCH(G$1,$A73)>0,TRUE,FALSE)),"") -> FALSE | H73: =IFERROR(AND(OR(H1:K72,$V73)=TRUE,IF(SEARCH(H$1,$A73)>0,TRUE,FALSE)),"") | I73: =IFERROR(AND(OR(I1:K72,$V73)=TRUE,IF(SEARCH(I$1,$A73)>0,TRUE,FALSE)),"") | J73: =IFERROR(AND(OR(J1:K72,$V73)=TRUE,IF(SEARCH(J$1,$A73)>0,TRUE,FALSE)),"") | K73: =IFERROR(AND(OR(K1:K72,$V73)=TRUE,IF(SEARCH(K$1,$A73)>0,TRUE,FALSE)),"") | L73: =IFERROR(AND(OR(L1:L72,$V73)=TRUE,IF(SEARCH(L$1,$A73)>0,TRUE,FALSE)),"") | M73: =IFERROR(AND(OR(M1:P72,$V73)=TRUE,IF(SEARCH(M$1,$A73)>0,TRUE,FALSE)),"") | N73: =IFERROR(AND(OR(N1:P72,$V73)=TRUE,IF(SEARCH(N$1,$A73)>0,TRUE,FALSE)),"") | O73: =IFERROR(AND(OR(O1:P72,$V73)=TRUE,IF(SEARCH(O$1,$A73)>0,TRUE,FALSE)),"") -> FALSE | P73: =IFERROR(AND(OR(P1:P72,$V73)=TRUE,IF(SEARCH(P$1,$A73)>0,TRUE,FALSE)),"") | Q73: =IFERROR(AND(OR(Q1:R72,$V73)=TRUE,IF(SEARCH(Q$1,$A73)>0,TRUE,FALSE)),"") | R73: =IFERROR(AND(OR(R1:R72,$V73)=TRUE,IF(SEARCH(R$1,$A73)>0,TRUE,FALSE)),"") | S73: =IFERROR(AND(OR(S1:S72,$V73)=TRUE,IF(SEARCH(S$1,$A73)>0,TRUE,FALSE)),"") -> FALSE | T73: =COUNTIF(F73:S73,TRUE) -> 0 | U73: =IFERROR(AND(F73:S73), TRUE) -> FALSE | V73: =IF(E73="Y",TRUE,IF(E73="N",FALSE,0)) -> FALSE | W73: =IF(V73=FALSE, FALSE, U73) -> FALSE | X73: =IF(C73>'Overview (RESPONSES REQUIRED)'!$C$31,FALSE,TRUE) -> FALSE | Y73: =IF(D73>'Overview (RESPONSES REQUIRED)'!$C$34,FALSE,TRUE) -> FALSE | Z73: =AND(X73:Y73) -> FALSE | AA73: =IF(Z73=FALSE,"N",IF(W73=TRUE,"Y",IF(E73=0,"E","N"))) -> N
A74: CA_1A4-3A2-7C2 | B74: 3 | C74: 4 | D74: 10 | E74: =IF('LTE CA'!K76="Y", "Y", IF('LTE CA'!K76="N", "N", 0)) -> N | F74: =IFERROR(AND(OR(F1:G73,$V74)=TRUE,IF(SEARCH(F$1,$A74)>0,TRUE,FALSE)),"") | G74: =IFERROR(AND(OR(G1:G73,$V74)=TRUE,IF(SEARCH(G$1,$A74)>0,TRUE,FALSE)),"") -> FALSE | H74: =IFERROR(AND(OR(H1:K73,$V74)=TRUE,IF(SEARCH(H$1,$A74)>0,TRUE,FALSE)),"") -> FALSE | I74: =IFERROR(AND(OR(I1:K73,$V74)=TRUE,IF(SEARCH(I$1,$A74)>0,TRUE,FALSE)),"") | J74: =IFERROR(AND(OR(J1:K73,$V74)=TRUE,IF(SEARCH(J$1,$A74)>0,TRUE,FALSE)),"") | K74: =IFERROR(AND(OR(K1:K73,$V74)=TRUE,IF(SEARCH(K$1,$A74)>0,TRUE,FALSE)),"") | L74: =IFERROR(AND(OR(L1:L73,$V74)=TRUE,IF(SEARCH(L$1,$A74)>0,TRUE,FALSE)),"") | M74: =IFERROR(AND(OR(M1:P73,$V74)=TRUE,IF(SEARCH(M$1,$A74)>0,TRUE,FALSE)),"") | N74: =IFERROR(AND(OR(N1:P73,$V74)=TRUE,IF(SEARCH(N$1,$A74)>0,TRUE,FALSE)),"") | O74: =IFERROR(AND(OR(O1:P73,$V74)=TRUE,IF(SEARCH(O$1,$A74)>0,TRUE,FALSE)),"") -> FALSE | P74: =IFERROR(AND(OR(P1:P73,$V74)=TRUE,IF(SEARCH(P$1,$A74)>0,TRUE,FALSE)),"") | Q74: =IFERROR(AND(OR(Q1:R73,$V74)=TRUE,IF(SEARCH(Q$1,$A74)>0,TRUE,FALSE)),"") | R74: =IFERROR(AND(OR(R1:R73,$V74)=TRUE,IF(SEARCH(R$1,$A74)>0,TRUE,FALSE)),"") | S74: =IFERROR(AND(OR(S1:S73,$V74)=TRUE,IF(SEARCH(S$1,$A74)>0,TRUE,FALSE)),"") | T74: =COUNTIF(F74:S74,TRUE) -> 0 | U74: =IFERROR(AND(F74:S74), TRUE) -> FALSE | V74: =IF(E74="Y",TRUE,IF(E74="N",FALSE,0)) -> FALSE | W74: =IF(V74=FALSE, FALSE, U74) -> FALSE | X74: =IF(C74>'Overview (RESPONSES REQUIRED)'!$C$31,FALSE,TRUE) -> FALSE | Y74: =IF(D74>'Overview (RESPONSES REQUIRED)'!$C$34,FALSE,TRUE) -> FALSE | Z74: =AND(X74:Y74) -> FALSE | AA74: =IF(Z74=FALSE,"N",IF(W74=TRUE,"Y",IF(E74=0,"E","N"))) -> N
A75: CA_1A4-3C2-7A2 | B75: 3 | C75: 4 | D75: 10 | E75: =IF('LTE CA'!K77="Y", "Y", IF('LTE CA'!K77="N", "N", 0)) -> N | F75: =IFERROR(AND(OR(F1:G74,$V75)=TRUE,IF(SEARCH(F$1,$A75)>0,TRUE,FALSE)),"") | G75: =IFERROR(AND(OR(G1:G74,$V75)=TRUE,IF(SEARCH(G$1,$A75)>0,TRUE,FALSE)),"") -> FALSE | H75: =IFERROR(AND(OR(H1:K74,$V75)=TRUE,IF(SEARCH(H$1,$A75)>0,TRUE,FALSE)),"") | I75: =IFERROR(AND(OR(I1:K74,$V75)=TRUE,IF(SEARCH(I$1,$A75)>0,TRUE,FALSE)),"") | J75: =IFERROR(AND(OR(J1:K74,$V75)=TRUE,IF(SEARCH(J$1,$A75)>0,TRUE,FALSE)),"") -> FALSE | K75: =IFERROR(AND(OR(K1:K74,$V75)=TRUE,IF(SEARCH(K$1,$A75)>0,TRUE,FALSE)),"") | L75: =IFERROR(AND(OR(L1:L74,$V75)=TRUE,IF(SEARCH(L$1,$A75)>0,TRUE,FALSE)),"") | M75: =IFERROR(AND(OR(M1:P74,$V75)=TRUE,IF(SEARCH(M$1,$A75)>0,TRUE,FALSE)),"") -> FALSE | N75: =IFERROR(AND(OR(N1:P74,$V75)=TRUE,IF(SEARCH(N$1,$A75)>0,TRUE,FALSE)),"") | O75: =IFERROR(AND(OR(O1:P74,$V75)=TRUE,IF(SEARCH(O$1,$A75)>0,TRUE,FALSE)),"") | P75: =IFERROR(AND(OR(P1:P74,$V75)=TRUE,IF(SEARCH(P$1,$A75)>0,TRUE,FALSE)),"") | Q75: =IFERROR(AND(OR(Q1:R74,$V75)=TRUE,IF(SEARCH(Q$1,$A75)>0,TRUE,FALSE)),"") | R75: =IFERROR(AND(OR(R1:R74,$V75)=TRUE,IF(SEARCH(R$1,$A75)>0,TRUE,FALSE)),"") | S75: =IFERROR(AND(OR(S1:S74,$V75)=TRUE,IF(SEARCH(S$1,$A75)>0,TRUE,FALSE)),"") | T75: =COUNTIF(F75:S75,TRUE) -> 0 | U75: =IFERROR(AND(F75:S75), TRUE) -> FALSE | V75: =IF(E75="Y",TRUE,IF(E75="N",FALSE,0)) -> FALSE | W75: =IF(V75=FALSE, FALSE, U75) -> FALSE | X75: =IF(C75>'Overview (RESPONSES REQUIRED)'!$C$31,FALSE,TRUE) -> FALSE | Y75: =IF(D75>'Overview (RESPONSES REQUIRED)'!$C$34,FALSE,TRUE) -> FALSE | Z75: =AND(X75:Y75) -> FALSE | AA75: =IF(Z75=FALSE,"N",IF(W75=TRUE,"Y",IF(E75=0,"E","N"))) -> N
A76: CA_1A2-3C2-7A4 | B76: 3 | C76: 4 | D76: 10 | E76: =IF('LTE CA'!K78="Y", "Y", IF('LTE CA'!K78="N", "N", 0)) -> N | F76: =IFERROR(AND(OR(F1:G75,$V76)=TRUE,IF(SEARCH(F$1,$A76)>0,TRUE,FALSE)),"") -> FALSE | G76: =IFERROR(AND(OR(G1:G75,$V76)=TRUE,IF(SEARCH(G$1,$A76)>0,TRUE,FALSE)),"") | H76: =IFERROR(AND(OR(H1:K75,$V76)=TRUE,IF(SEARCH(H$1,$A76)>0,TRUE,FALSE)),"") | I76: =IFERROR(AND(OR(I1:K75,$V76)=TRUE,IF(SEARCH(I$1,$A76)>0,TRUE,FALSE)),"") | J76: =IFERROR(AND(OR(J1:K75,$V76)=TRUE,IF(SEARCH(J$1,$A76)>0,TRUE,FALSE)),"") -> FALSE | K76: =IFERROR(AND(OR(K1:K75,$V76)=TRUE,IF(SEARCH(K$1,$A76)>0,TRUE,FALSE)),"") | L76: =IFERROR(AND(OR(L1:L75,$V76)=TRUE,IF(SEARCH(L$1,$A76)>0,TRUE,FALSE)),"") | M76: =IFERROR(AND(OR(M1:P75,$V76)=TRUE,IF(SEARCH(M$1,$A76)>0,TRUE,FALSE)),"") | N76: =IFERROR(AND(OR(N1:P75,$V76)=TRUE,IF(SEARCH(N$1,$A76)>0,TRUE,FALSE)),"") -> FALSE | O76: =IFERROR(AND(OR(O1:P75,$V76)=TRUE,IF(SEARCH(O$1,$A76)>0,TRUE,FALSE)),"") | P76: =IFERROR(AND(OR(P1:P75,$V76)=TRUE,IF(SEARCH(P$1,$A76)>0,TRUE,FALSE)),"") | Q76: =IFERROR(AND(OR(Q1:R75,$V76)=TRUE,IF(SEARCH(Q$1,$A76)>0,TRUE,FALSE)),"") | R76: =IFERROR(AND(OR(R1:R75,$V76)=TRUE,IF(SEARCH(R$1,$A76)>0,TRUE,FALSE)),"") | S76: =IFERROR(AND(OR(S1:S75,$V76)=TRUE,IF(SEARCH(S$1,$A76)>0,TRUE,FALSE)),"") | T76: =COUNTIF(F76:S76,TRUE) -> 0 | U76: =IFERROR(AND(F76:S76), TRUE) -> FALSE | V76: =IF(E76="Y",TRUE,IF(E76="N",FALSE,0)) -> FALSE | W76: =IF(V76=FALSE, FALSE, U76) -> FALSE | X76: =IF(C76>'Overview (RESPONSES REQUIRED)'!$C$31,FALSE,TRUE) -> FALSE | Y76: =IF(D76>'Overview (RESPONSES REQUIRED)'!$C$34,FALSE,TRUE) -> FALSE | Z76: =AND(X76:Y76) -> FALSE | AA76: =IF(Z76=FALSE,"N",IF(W76=TRUE,"Y",IF(E76=0,"E","N"))) -> N
A77: CA_3A4-7A4-28A2 | B77: 3 | C77: 3 | D77: 10 | E77: =IF('LTE CA'!K79="Y", "Y", IF('LTE CA'!K79="N", "N", 0)) -> N | F77: =IFERROR(AND(OR(F1:G76,$V77)=TRUE,IF(SEARCH(F$1,$A77)>0,TRUE,FALSE)),"") | G77: =IFERROR(AND(OR(G1:G76,$V77)=TRUE,IF(SEARCH(G$1,$A77)>0,TRUE,FALSE)),"") | H77: =IFERROR(AND(OR(H1:K76,$V77)=TRUE,IF(SEARCH(H$1,$A77)>0,TRUE,FALSE)),"") | I77: =IFERROR(AND(OR(I1:K76,$V77)=TRUE,IF(SEARCH(I$1,$A77)>0,TRUE,FALSE)),"") -> FALSE | J77: =IFERROR(AND(OR(J1:K76,$V77)=TRUE,IF(SEARCH(J$1,$A77)>0,TRUE,FALSE)),"") | K77: =IFERROR(AND(OR(K1:K76,$V77)=TRUE,IF(SEARCH(K$1,$A77)>0,TRUE,FALSE)),"") | L77: =IFERROR(AND(OR(L1:L76,$V77)=TRUE,IF(SEARCH(L$1,$A77)>0,TRUE,FALSE)),"") | M77: =IFERROR(AND(OR(M1:P76,$V77)=TRUE,IF(SEARCH(M$1,$A77)>0,TRUE,FALSE)),"") | N77: =IFERROR(AND(OR(N1:P76,$V77)=TRUE,IF(SEARCH(N$1,$A77)>0,TRUE,FALSE)),"") -> FALSE | O77: =IFERROR(AND(OR(O1:P76,$V77)=TRUE,IF(SEARCH(O$1,$A77)>0,TRUE,FALSE)),"") | P77: =IFERROR(AND(OR(P1:P76,$V77)=TRUE,IF(SEARCH(P$1,$A77)>0,TRUE,FALSE)),"") | Q77: =IFERROR(AND(OR(Q1:R76,$V77)=TRUE,IF(SEARCH(Q$1,$A77)>0,TRUE,FALSE)),"") | R77: =IFERROR(AND(OR(R1:R76,$V77)=TRUE,IF(SEARCH(R$1,$A77)>0,TRUE,FALSE)),"") | S77: =IFERROR(AND(OR(S1:S76,$V77)=TRUE,IF(SEARCH(S$1,$A77)>0,TRUE,FALSE)),"") -> FALSE | T77: =COUNTIF(F77:S77,TRUE) -> 0 | U77: =IFERROR(AND(F77:S77), TRUE) -> FALSE | V77: =IF(E77="Y",TRUE,IF(E77="N",FALSE,0)) -> FALSE | W77: =IF(V77=FALSE, FALSE, U77) -> FALSE | X77: =IF(C77>'Overview (RESPONSES REQUIRED)'!$C$31,FALSE,TRUE) -> FALSE | Y77: =IF(D77>'Overview (RESPONSES REQUIRED)'!$C$34,FALSE,TRUE) -> FALSE | Z77: =AND(X77:Y77) -> FALSE | AA77: =IF(Z77=FALSE,"N",IF(W77=TRUE,"Y",IF(E77=0,"E","N"))) -> N
A78: CA_3A4-7A4-26A2 | B78: 3 | C78: 3 | D78: 10 | E78: =IF('LTE CA'!K80="Y", "Y", IF('LTE CA'!K80="N", "N", 0)) -> N | F78: =IFERROR(AND(OR(F1:G77,$V78)=TRUE,IF(SEARCH(F$1,$A78)>0,TRUE,FALSE)),"") | G78: =IFERROR(AND(OR(G1:G77,$V78)=TRUE,IF(SEARCH(G$1,$A78)>0,TRUE,FALSE)),"") | H78: =IFERROR(AND(OR(H1:K77,$V78)=TRUE,IF(SEARCH(H$1,$A78)>0,TRUE,FALSE)),"") | I78: =IFERROR(AND(OR(I1:K77,$V78)=TRUE,IF(SEARCH(I$1,$A78)>0,TRUE,FALSE)),"") -> FALSE | J78: =IFERROR(AND(OR(J1:K77,$V78)=TRUE,IF(SEARCH(J$1,$A78)>0,TRUE,FALSE)),"") | K78: =IFERROR(AND(OR(K1:K77,$V78)=TRUE,IF(SEARCH(K$1,$A78)>0,TRUE,FALSE)),"") | L78: =IFERROR(AND(OR(L1:L77,$V78)=TRUE,IF(SEARCH(L$1,$A78)>0,TRUE,FALSE)),"") | M78: =IFERROR(AND(OR(M1:P77,$V78)=TRUE,IF(SEARCH(M$1,$A78)>0,TRUE,FALSE)),"") | N78: =IFERROR(AND(OR(N1:P77,$V78)=TRUE,IF(SEARCH(N$1,$A78)>0,TRUE,FALSE)),"") -> FALSE | O78: =IFERROR(AND(OR(O1:P77,$V78)=TRUE,IF(SEARCH(O$1,$A78)>0,TRUE,FALSE)),"") | P78: =IFERROR(AND(OR(P1:P77,$V78)=TRUE,IF(SEARCH(P$1,$A78)>0,TRUE,FALSE)),"") | Q78: =IFERROR(AND(OR(Q1:R77,$V78)=TRUE,IF(SEARCH(Q$1,$A78)>0,TRUE,FALSE)),"") -> FALSE | R78: =IFERROR(AND(OR(R1:R77,$V78)=TRUE,IF(SEARCH(R$1,$A78)>0,TRUE,FALSE)),"") | S78: =IFERROR(AND(OR(S1:S77,$V78)=TRUE,IF(SEARCH(S$1,$A78)>0,TRUE,FALSE)),"") | T78: =COUNTIF(F78:S78,TRUE) -> 0 | U78: =IFERROR(AND(F78:S78), TRUE) -> FALSE | V78: =IF(E78="Y",TRUE,IF(E78="N",FALSE,0)) -> FALSE | W78: =IF(V78=FALSE, FALSE, U78) -> FALSE | X78: =IF(C78>'Overview (RESPONSES REQUIRED)'!$C$31,FALSE,TRUE) -> FALSE | Y78: =IF(D78>'Overview (RESPONSES REQUIRED)'!$C$34,FALSE,TRUE) -> FALSE | Z78: =AND(X78:Y78) -> FALSE | AA78: =IF(Z78=FALSE,"N",IF(W78=TRUE,"Y",IF(E78=0,"E","N"))) -> N
A79: CA_1A4-3A4-28A2 | B79: 3 | C79: 3 | D79: 10 | E79: =IF('LTE CA'!K81="Y", "Y", IF('LTE CA'!K81="N", "N", 0)) -> N | F79: =IFERROR(AND(OR(F1:G78,$V79)=TRUE,IF(SEARCH(F$1,$A79)>0,TRUE,FALSE)),"") | G79: =IFERROR(AND(OR(G1:G78,$V79)=TRUE,IF(SEARCH(G$1,$A79)>0,TRUE,FALSE)),"") -> FALSE | H79: =IFERROR(AND(OR(H1:K78,$V79)=TRUE,IF(SEARCH(H$1,$A79)>0,TRUE,FALSE)),"") | I79: =IFERROR(AND(OR(I1:K78,$V79)=TRUE,IF(SEARCH(I$1,$A79)>0,TRUE,FALSE)),"") -> FALSE | J79: =IFERROR(AND(OR(J1:K78,$V79)=TRUE,IF(SEARCH(J$1,$A79)>0,TRUE,FALSE)),"") | K79: =IFERROR(AND(OR(K1:K78,$V79)=TRUE,IF(SEARCH(K$1,$A79)>0,TRUE,FALSE)),"") | L79: =IFERROR(AND(OR(L1:L78,$V79)=TRUE,IF(SEARCH(L$1,$A79)>0,TRUE,FALSE)),"") | M79: =IFERROR(AND(OR(M1:P78,$V79)=TRUE,IF(SEARCH(M$1,$A79)>0,TRUE,FALSE)),"") | N79: =IFERROR(AND(OR(N1:P78,$V79)=TRUE,IF(SEARCH(N$1,$A79)>0,TRUE,FALSE)),"") | O79: =IFERROR(AND(OR(O1:P78,$V79)=TRUE,IF(SEARCH(O$1,$A79)>0,TRUE,FALSE)),"") | P79: =IFERROR(AND(OR(P1:P78,$V79)=TRUE,IF(SEARCH(P$1,$A79)>0,TRUE,FALSE)),"") | Q79: =IFERROR(AND(OR(Q1:R78,$V79)=TRUE,IF(SEARCH(Q$1,$A79)>0,TRUE,FALSE)),"") | R79: =IFERROR(AND(OR(R1:R78,$V79)=TRUE,IF(SEARCH(R$1,$A79)>0,TRUE,FALSE)),"") | S79: =IFERROR(AND(OR(S1:S78,$V79)=TRUE,IF(SEARCH(S$1,$A79)>0,TRUE,FALSE)),"") -> FALSE | T79: =COUNTIF(F79:S79,TRUE) -> 0 | U79: =IFERROR(AND(F79:S79), TRUE) -> FALSE | V79: =IF(E79="Y",TRUE,IF(E79="N",FALSE,0)) -> FALSE | W79: =IF(V79=FALSE, FALSE, U79) -> FALSE | X79: =IF(C79>'Overview (RESPONSES REQUIRED)'!$C$31,FALSE,TRUE) -> FALSE | Y79: =IF(D79>'Overview (RESPONSES REQUIRED)'!$C$34,FALSE,TRUE) -> FALSE | Z79: =AND(X79:Y79) -> FALSE | AA79: =IF(Z79=FALSE,"N",IF(W79=TRUE,"Y",IF(E79=0,"E","N"))) -> N
A80: CA_1A4-7A4-28A2 | B80: 3 | C80: 3 | D80: 10 | E80: =IF('LTE CA'!K82="Y", "Y", IF('LTE CA'!K82="N", "N", 0)) -> N | F80: =IFERROR(AND(OR(F1:G79,$V80)=TRUE,IF(SEARCH(F$1,$A80)>0,TRUE,FALSE)),"") | G80: =IFERROR(AND(OR(G1:G79,$V80)=TRUE,IF(SEARCH(G$1,$A80)>0,TRUE,FALSE)),"") -> FALSE | H80: =IFERROR(AND(OR(H1:K79,$V80)=TRUE,IF(SEARCH(H$1,$A80)>0,TRUE,FALSE)),"") | I80: =IFERROR(AND(OR(I1:K79,$V80)=TRUE,IF(SEARCH(I$1,$A80)>0,TRUE,FALSE)),"") | J80: =IFERROR(AND(OR(J1:K79,$V80)=TRUE,IF(SEARCH(J$1,$A80)>0,TRUE,FALSE)),"") | K80: =IFERROR(AND(OR(K1:K79,$V80)=TRUE,IF(SEARCH(K$1,$A80)>0,TRUE,FALSE)),"") | L80: =IFERROR(AND(OR(L1:L79,$V80)=TRUE,IF(SEARCH(L$1,$A80)>0,TRUE,FALSE)),"") | M80: =IFERROR(AND(OR(M1:P79,$V80)=TRUE,IF(SEARCH(M$1,$A80)>0,TRUE,FALSE)),"") | N80: =IFERROR(AND(OR(N1:P79,$V80)=TRUE,IF(SEARCH(N$1,$A80)>0,TRUE,FALSE)),"") -> FALSE | O80: =IFERROR(AND(OR(O1:P79,$V80)=TRUE,IF(SEARCH(O$1,$A80)>0,TRUE,FALSE)),"") | P80: =IFERROR(AND(OR(P1:P79,$V80)=TRUE,IF(SEARCH(P$1,$A80)>0,TRUE,FALSE)),"") | Q80: =IFERROR(AND(OR(Q1:R79,$V80)=TRUE,IF(SEARCH(Q$1,$A80)>0,TRUE,FALSE)),"") | R80: =IFERROR(AND(OR(R1:R79,$V80)=TRUE,IF(SEARCH(R$1,$A80)>0,TRUE,FALSE)),"") | S80: =IFERROR(AND(OR(S1:S79,$V80)=TRUE,IF(SEARCH(S$1,$A80)>0,TRUE,FALSE)),"") -> FALSE | T80: =COUNTIF(F80:S80,TRUE) -> 0 | U80: =IFERROR(AND(F80:S80), TRUE) -> FALSE | V80: =IF(E80="Y",TRUE,IF(E80="N",FALSE,0)) -> FALSE | W80: =IF(V80=FALSE, FALSE, U80) -> FALSE | X80: =IF(C80>'Overview (RESPONSES REQUIRED)'!$C$31,FALSE,TRUE) -> FALSE | Y80: =IF(D80>'Overview (RESPONSES REQUIRED)'!$C$34,FALSE,TRUE) -> FALSE | Z80: =AND(X80:Y80) -> FALSE | AA80: =IF(Z80=FALSE,"N",IF(W80=TRUE,"Y",IF(E80=0,"E","N"))) -> N
A81: CA_1A2-3A4-7A4 | B81: 3 | C81: 3 | D81: 10 | E81: =IF('LTE CA'!K83="Y", "Y", IF('LTE CA'!K83="N", "N", 0)) -> N | F81: =IFERROR(AND(OR(F1:G80,$V81)=TRUE,IF(SEARCH(F$1,$A81)>0,TRUE,FALSE)),"") -> FALSE | G81: =IFERROR(AND(OR(G1:G80,$V81)=TRUE,IF(SEARCH(G$1,$A81)>0,TRUE,FALSE)),"") | H81: =IFERROR(AND(OR(H1:K80,$V81)=TRUE,IF(SEARCH(H$1,$A81)>0,TRUE,FALSE)),"") | I81: =IFERROR(AND(OR(I1:K80,$V81)=TRUE,IF(SEARCH(I$1,$A81)>0,TRUE,FALSE)),"") -> FALSE | J81: =IFERROR(AND(OR(J1:K80,$V81)=TRUE,IF(SEARCH(J$1,$A81)>0,TRUE,FALSE)),"") | K81: =IFERROR(AND(OR(K1:K80,$V81)=TRUE,IF(SEARCH(K$1,$A81)>0,TRUE,FALSE)),"") | L81: =IFERROR(AND(OR(L1:L80,$V81)=TRUE,IF(SEARCH(L$1,$A81)>0,TRUE,FALSE)),"") | M81: =IFERROR(AND(OR(M1:P80,$V81)=TRUE,IF(SEARCH(M$1,$A81)>0,TRUE,FALSE)),"") | N81: =IFERROR(AND(OR(N1:P80,$V81)=TRUE,IF(SEARCH(N$1,$A81)>0,TRUE,FALSE)),"") -> FALSE | O81: =IFERROR(AND(OR(O1:P80,$V81)=TRUE,IF(SEARCH(O$1,$A81)>0,TRUE,FALSE)),"") | P81: =IFERROR(AND(OR(P1:P80,$V81)=TRUE,IF(SEARCH(P$1,$A81)>0,TRUE,FALSE)),"") | Q81: =IFERROR(AND(OR(Q1:R80,$V81)=TRUE,IF(SEARCH(Q$1,$A81)>0,TRUE,FALSE)),"") | R81: =IFERROR(AND(OR(R1:R80,$V81)=TRUE,IF(SEARCH(R$1,$A81)>0,TRUE,FALSE)),"") | S81: =IFERROR(AND(OR(S1:S80,$V81)=TRUE,IF(SEARCH(S$1,$A81)>0,TRUE,FALSE)),"") | T81: =COUNTIF(F81:S81,TRUE) -> 0 | U81: =IFERROR(AND(F81:S81), TRUE) -> FALSE | V81: =IF(E81="Y",TRUE,IF(E81="N",FALSE,0)) -> FALSE | W81: =IF(V81=FALSE, FALSE, U81) -> FALSE | X81: =IF(C81>'Overview (RESPONSES REQUIRED)'!$C$31,FALSE,TRUE) -> FALSE | Y81: =IF(D81>'Overview (RESPONSES REQUIRED)'!$C$34,FALSE,TRUE) -> FALSE | Z81: =AND(X81:Y81) -> FALSE | AA81: =IF(Z81=FALSE,"N",IF(W81=TRUE,"Y",IF(E81=0,"E","N"))) -> N
A82: CA_1A4-3A2-7A4 | B82: 3 | C82: 3 | D82: 10 | E82: =IF('LTE CA'!K84="Y", "Y", IF('LTE CA'!K84="N", "N", 0)) -> N | F82: =IFERROR(AND(OR(F1:G81,$V82)=TRUE,IF(SEARCH(F$1,$A82)>0,TRUE,FALSE)),"") | G82: =IFERROR(AND(OR(G1:G81,$V82)=TRUE,IF(SEARCH(G$1,$A82)>0,TRUE,FALSE)),"") -> FALSE | H82: =IFERROR(AND(OR(H1:K81,$V82)=TRUE,IF(SEARCH(H$1,$A82)>0,TRUE,FALSE)),"") -> FALSE | I82: =IFERROR(AND(OR(I1:K81,$V82)=TRUE,IF(SEARCH(I$1,$A82)>0,TRUE,FALSE)),"") | J82: =IFERROR(AND(OR(J1:K81,$V82)=TRUE,IF(SEARCH(J$1,$A82)>0,TRUE,FALSE)),"") | K82: =IFERROR(AND(OR(K1:K81,$V82)=TRUE,IF(SEARCH(K$1,$A82)>0,TRUE,FALSE)),"") | L82: =IFERROR(AND(OR(L1:L81,$V82)=TRUE,IF(SEARCH(L$1,$A82)>0,TRUE,FALSE)),"") | M82: =IFERROR(AND(OR(M1:P81,$V82)=TRUE,IF(SEARCH(M$1,$A82)>0,TRUE,FALSE)),"") | N82: =IFERROR(AND(OR(N1:P81,$V82)=TRUE,IF(SEARCH(N$1,$A82)>0,TRUE,FALSE)),"") -> FALSE | O82: =IFERROR(AND(OR(O1:P81,$V82)=TRUE,IF(SEARCH(O$1,$A82)>0,TRUE,FALSE)),"") | P82: =IFERROR(AND(OR(P1:P81,$V82)=TRUE,IF(SEARCH(P$1,$A82)>0,TRUE,FALSE)),"") | Q82: =IFERROR(AND(OR(Q1:R81,$V82)=TRUE,IF(SEARCH(Q$1,$A82)>0,TRUE,FALSE)),"") | R82: =IFERROR(AND(OR(R1:R81,$V82)=TRUE,IF(SEARCH(R$1,$A82)>0,TRUE,FALSE)),"") | S82: =IFERROR(AND(OR(S1:S81,$V82)=TRUE,IF(SEARCH(S$1,$A82)>0,TRUE,FALSE)),"") | T82: =COUNTIF(F82:S82,TRUE) -> 0 | U82: =IFERROR(AND(F82:S82), TRUE) -> FALSE | V82: =IF(E82="Y",TRUE,IF(E82="N",FALSE,0)) -> FALSE | W82: =IF(V82=FALSE, FALSE, U82) -> FALSE | X82: =IF(C82>'Overview (RESPONSES REQUIRED)'!$C$31,FALSE,TRUE) -> FALSE | Y82: =IF(D82>'Overview (RESPONSES REQUIRED)'!$C$34,FALSE,TRUE) -> FALSE | Z82: =AND(X82:Y82) -> FALSE | AA82: =IF(Z82=FALSE,"N",IF(W82=TRUE,"Y",IF(E82=0,"E","N"))) -> N
A83: CA_1A4-3A4-7A2 | B83: 3 | C83: 3 | D83: 10 | E83: =IF('LTE CA'!K85="Y", "Y", IF('LTE CA'!K85="N", "N", 0)) -> N | F83: =IFERROR(AND(OR(F1:G82,$V83)=TRUE,IF(SEARCH(F$1,$A83)>0,TRUE,FALSE)),"") | G83: =IFERROR(AND(OR(G1:G82,$V83)=TRUE,IF(SEARCH(G$1,$A83)>0,TRUE,FALSE)),"") -> FALSE | H83: =IFERROR(AND(OR(H1:K82,$V83)=TRUE,IF(SEARCH(H$1,$A83)>0,TRUE,FALSE)),"") | I83: =IFERROR(AND(OR(I1:K82,$V83)=TRUE,IF(SEARCH(I$1,$A83)>0,TRUE,FALSE)),"") -> FALSE | J83: =IFERROR(AND(OR(J1:K82,$V83)=TRUE,IF(SEARCH(J$1,$A83)>0,TRUE,FALSE)),"") | K83: =IFERROR(AND(OR(K1:K82,$V83)=TRUE,IF(SEARCH(K$1,$A83)>0,TRUE,FALSE)),"") | L83: =IFERROR(AND(OR(L1:L82,$V83)=TRUE,IF(SEARCH(L$1,$A83)>0,TRUE,FALSE)),"") | M83: =IFERROR(AND(OR(M1:P82,$V83)=TRUE,IF(SEARCH(M$1,$A83)>0,TRUE,FALSE)),"") -> FALSE | N83: =IFERROR(AND(OR(N1:P82,$V83)=TRUE,IF(SEARCH(N$1,$A83)>0,TRUE,FALSE)),"") | O83: =IFERROR(AND(OR(O1:P82,$V83)=TRUE,IF(SEARCH(O$1,$A83)>0,TRUE,FALSE)),"") | P83: =IFERROR(AND(OR(P1:P82,$V83)=TRUE,IF(SEARCH(P$1,$A83)>0,TRUE,FALSE)),"") | Q83: =IFERROR(AND(OR(Q1:R82,$V83)=TRUE,IF(SEARCH(Q$1,$A83)>0,TRUE,FALSE)),"") | R83: =IFERROR(AND(OR(R1:R82,$V83)=TRUE,IF(SEARCH(R$1,$A83)>0,TRUE,FALSE)),"") | S83: =IFERROR(AND(OR(S1:S82,$V83)=TRUE,IF(SEARCH(S$1,$A83)>0,TRUE,FALSE)),"") | T83: =COUNTIF(F83:S83,TRUE) -> 0 | U83: =IFERROR(AND(F83:S83), TRUE) -> FALSE | V83: =IF(E83="Y",TRUE,IF(E83="N",FALSE,0)) -> FALSE | W83: =IF(V83=FALSE, FALSE, U83) -> FALSE | X83: =IF(C83>'Overview (RESPONSES REQUIRED)'!$C$31,FALSE,TRUE) -> FALSE | Y83: =IF(D83>'Overview (RESPONSES REQUIRED)'!$C$34,FALSE,TRUE) -> FALSE | Z83: =AND(X83:Y83) -> FALSE | AA83: =IF(Z83=FALSE,"N",IF(W83=TRUE,"Y",IF(E83=0,"E","N"))) -> N
A84: CA_1A2-7C2-28A2 | B84: 3 | C84: 4 | D84: 8 | E84: =IF('LTE CA'!K86="Y", "Y", IF('LTE CA'!K86="N", "N", 0)) -> N | F84: =IFERROR(AND(OR(F1:G83,$V84)=TRUE,IF(SEARCH(F$1,$A84)>0,TRUE,FALSE)),"") -> FALSE | G84: =IFERROR(AND(OR(G1:G83,$V84)=TRUE,IF(SEARCH(G$1,$A84)>0,TRUE,FALSE)),"") | H84: =IFERROR(AND(OR(H1:K83,$V84)=TRUE,IF(SEARCH(H$1,$A84)>0,TRUE,FALSE)),"") | I84: =IFERROR(AND(OR(I1:K83,$V84)=TRUE,IF(SEARCH(I$1,$A84)>0,TRUE,FALSE)),"") | J84: =IFERROR(AND(OR(J1:K83,$V84)=TRUE,IF(SEARCH(J$1,$A84)>0,TRUE,FALSE)),"") | K84: =IFERROR(AND(OR(K1:K83,$V84)=TRUE,IF(SEARCH(K$1,$A84)>0,TRUE,FALSE)),"") | L84: =IFERROR(AND(OR(L1:L83,$V84)=TRUE,IF(SEARCH(L$1,$A84)>0,TRUE,FALSE)),"") | M84: =IFERROR(AND(OR(M1:P83,$V84)=TRUE,IF(SEARCH(M$1,$A84)>0,TRUE,FALSE)),"") | N84: =IFERROR(AND(OR(N1:P83,$V84)=TRUE,IF(SEARCH(N$1,$A84)>0,TRUE,FALSE)),"") | O84: =IFERROR(AND(OR(O1:P83,$V84)=TRUE,IF(SEARCH(O$1,$A84)>0,TRUE,FALSE)),"") -> FALSE | P84: =IFERROR(AND(OR(P1:P83,$V84)=TRUE,IF(SEARCH(P$1,$A84)>0,TRUE,FALSE)),"") | Q84: =IFERROR(AND(OR(Q1:R83,$V84)=TRUE,IF(SEARCH(Q$1,$A84)>0,TRUE,FALSE)),"") | R84: =IFERROR(AND(OR(R1:R83,$V84)=TRUE,IF(SEARCH(R$1,$A84)>0,TRUE,FALSE)),"") | S84: =IFERROR(AND(OR(S1:S83,$V84)=TRUE,IF(SEARCH(S$1,$A84)>0,TRUE,FALSE)),"") -> FALSE | T84: =COUNTIF(F84:S84,TRUE) -> 0 | U84: =IFERROR(AND(F84:S84), TRUE) -> FALSE | V84: =IF(E84="Y",TRUE,IF(E84="N",FALSE,0)) -> FALSE | W84: =IF(V84=FALSE, FALSE, U84) -> FALSE | X84: =IF(C84>'Overview (RESPONSES REQUIRED)'!$C$31,FALSE,TRUE) -> FALSE | Y84: =IF(D84>'Overview (RESPONSES REQUIRED)'!$C$34,FALSE,TRUE) -> FALSE | Z84: =AND(X84:Y84) -> FALSE | AA84: =IF(Z84=FALSE,"N",IF(W84=TRUE,"Y",IF(E84=0,"E","N"))) -> N
A85: CA_1A2-3A4-7C2 | B85: 3 | C85: 4 | D85: 8 | E85: =IF('LTE CA'!K87="Y", "Y", IF('LTE CA'!K87="N", "N", 0)) -> N | F85: =IFERROR(AND(OR(F1:G84,$V85)=TRUE,IF(SEARCH(F$1,$A85)>0,TRUE,FALSE)),"") -> FALSE | G85: =IFERROR(AND(OR(G1:G84,$V85)=TRUE,IF(SEARCH(G$1,$A85)>0,TRUE,FALSE)),"") | H85: =IFERROR(AND(OR(H1:K84,$V85)=TRUE,IF(SEARCH(H$1,$A85)>0,TRUE,FALSE)),"") | I85: =IFERROR(AND(OR(I1:K84,$V85)=TRUE,IF(SEARCH(I$1,$A85)>0,TRUE,FALSE)),"") -> FALSE | J85: =IFERROR(AND(OR(J1:K84,$V85)=TRUE,IF(SEARCH(J$1,$A85)>0,TRUE,FALSE)),"") | K85: =IFERROR(AND(OR(K1:K84,$V85)=TRUE,IF(SEARCH(K$1,$A85)>0,TRUE,FALSE)),"") | L85: =IFERROR(AND(OR(L1:L84,$V85)=TRUE,IF(SEARCH(L$1,$A85)>0,TRUE,FALSE)),"") | M85: =IFERROR(AND(OR(M1:P84,$V85)=TRUE,IF(SEARCH(M$1,$A85)>0,TRUE,FALSE)),"") | N85: =IFERROR(AND(OR(N1:P84,$V85)=TRUE,IF(SEARCH(N$1,$A85)>0,TRUE,FALSE)),"") | O85: =IFERROR(AND(OR(O1:P84,$V85)=TRUE,IF(SEARCH(O$1,$A85)>0,TRUE,FALSE)),"") -> FALSE | P85: =IFERROR(AND(OR(P1:P84,$V85)=TRUE,IF(SEARCH(P$1,$A85)>0,TRUE,FALSE)),"") | Q85: =IFERROR(AND(OR(Q1:R84,$V85)=TRUE,IF(SEARCH(Q$1,$A85)>0,TRUE,FALSE)),"") | R85: =IFERROR(AND(OR(R1:R84,$V85)=TRUE,IF(SEARCH(R$1,$A85)>0,TRUE,FALSE)),"") | S85: =IFERROR(AND(OR(S1:S84,$V85)=TRUE,IF(SEARCH(S$1,$A85)>0,TRUE,FALSE)),"") | T85: =COUNTIF(F85:S85,TRUE) -> 0 | U85: =IFERROR(AND(F85:S85), TRUE) -> FALSE | V85: =IF(E85="Y",TRUE,IF(E85="N",FALSE,0)) -> FALSE | W85: =IF(V85=FALSE, FALSE, U85) -> FALSE | X85: =IF(C85>'Overview (RESPONSES REQUIRED)'!$C$31,FALSE,TRUE) -> FALSE | Y85: =IF(D85>'Overview (RESPONSES REQUIRED)'!$C$34,FALSE,TRUE) -> FALSE | Z85: =AND(X85:Y85) -> FALSE | AA85: =IF(Z85=FALSE,"N",IF(W85=TRUE,"Y",IF(E85=0,"E","N"))) -> N
A86: CA_1A2-3C2-28A2 | B86: 3 | C86: 4 | D86: 8 | E86: =IF('LTE CA'!K88="Y", "Y", IF('LTE CA'!K88="N", "N", 0)) -> N | F86: =IFERROR(AND(OR(F1:G85,$V86)=TRUE,IF(SEARCH(F$1,$A86)>0,TRUE,FALSE)),"") -> FALSE | G86: =IFERROR(AND(OR(G1:G85,$V86)=TRUE,IF(SEARCH(G$1,$A86)>0,TRUE,FALSE)),"") | H86: =IFERROR(AND(OR(H1:K85,$V86)=TRUE,IF(SEARCH(H$1,$A86)>0,TRUE,FALSE)),"") | I86: =IFERROR(AND(OR(I1:K85,$V86)=TRUE,IF(SEARCH(I$1,$A86)>0,TRUE,FALSE)),"") | J86: =IFERROR(AND(OR(J1:K85,$V86)=TRUE,IF(SEARCH(J$1,$A86)>0,TRUE,FALSE)),"") -> FALSE | K86: =IFERROR(AND(OR(K1:K85,$V86)=TRUE,IF(SEARCH(K$1,$A86)>0,TRUE,FALSE)),"") | L86: =IFERROR(AND(OR(L1:L85,$V86)=TRUE,IF(SEARCH(L$1,$A86)>0,TRUE,FALSE)),"") | M86: =IFERROR(AND(OR(M1:P85,$V86)=TRUE,IF(SEARCH(M$1,$A86)>0,TRUE,FALSE)),"") | N86: =IFERROR(AND(OR(N1:P85,$V86)=TRUE,IF(SEARCH(N$1,$A86)>0,TRUE,FALSE)),"") | O86: =IFERROR(AND(OR(O1:P85,$V86)=TRUE,IF(SEARCH(O$1,$A86)>0,TRUE,FALSE)),"") | P86: =IFERROR(AND(OR(P1:P85,$V86)=TRUE,IF(SEARCH(P$1,$A86)>0,TRUE,FALSE)),"") | Q86: =IFERROR(AND(OR(Q1:R85,$V86)=TRUE,IF(SEARCH(Q$1,$A86)>0,TRUE,FALSE)),"") | R86: =IFERROR(AND(OR(R1:R85,$V86)=TRUE,IF(SEARCH(R$1,$A86)>0,TRUE,FALSE)),"") | S86: =IFERROR(AND(OR(S1:S85,$V86)=TRUE,IF(SEARCH(S$1,$A86)>0,TRUE,FALSE)),"") -> FALSE | T86: =COUNTIF(F86:S86,TRUE) -> 0 | U86: =IFERROR(AND(F86:S86), TRUE) -> FALSE | V86: =IF(E86="Y",TRUE,IF(E86="N",FALSE,0)) -> FALSE | W86: =IF(V86=FALSE, FALSE, U86) -> FALSE | X86: =IF(C86>'Overview (RESPONSES REQUIRED)'!$C$31,FALSE,TRUE) -> FALSE | Y86: =IF(D86>'Overview (RESPONSES REQUIRED)'!$C$34,FALSE,TRUE) -> FALSE | Z86: =AND(X86:Y86) -> FALSE | AA86: =IF(Z86=FALSE,"N",IF(W86=TRUE,"Y",IF(E86=0,"E","N"))) -> N
A87: CA_3A2-7C2-28A2 | B87: 3 | C87: 4 | D87: 8 | E87: =IF('LTE CA'!K89="Y", "Y", IF('LTE CA'!K89="N", "N", 0)) -> N | F87: =IFERROR(AND(OR(F1:G86,$V87)=TRUE,IF(SEARCH(F$1,$A87)>0,TRUE,FALSE)),"") | G87: =IFERROR(AND(OR(G1:G86,$V87)=TRUE,IF(SEARCH(G$1,$A87)>0,TRUE,FALSE)),"") | H87: =IFERROR(AND(OR(H1:K86,$V87)=TRUE,IF(SEARCH(H$1,$A87)>0,TRUE,FALSE)),"") -> FALSE | I87: =IFERROR(AND(OR(I1:K86,$V87)=TRUE,IF(SEARCH(I$1,$A87)>0,TRUE,FALSE)),"") | J87: =IFERROR(AND(OR(J1:K86,$V87)=TRUE,IF(SEARCH(J$1,$A87)>0,TRUE,FALSE)),"") | K87: =IFERROR(AND(OR(K1:K86,$V87)=TRUE,IF(SEARCH(K$1,$A87)>0,TRUE,FALSE)),"") | L87: =IFERROR(AND(OR(L1:L86,$V87)=TRUE,IF(SEARCH(L$1,$A87)>0,TRUE,FALSE)),"") | M87: =IFERROR(AND(OR(M1:P86,$V87)=TRUE,IF(SEARCH(M$1,$A87)>0,TRUE,FALSE)),"") | N87: =IFERROR(AND(OR(N1:P86,$V87)=TRUE,IF(SEARCH(N$1,$A87)>0,TRUE,FALSE)),"") | O87: =IFERROR(AND(OR(O1:P86,$V87)=TRUE,IF(SEARCH(O$1,$A87)>0,TRUE,FALSE)),"") -> FALSE | P87: =IFERROR(AND(OR(P1:P86,$V87)=TRUE,IF(SEARCH(P$1,$A87)>0,TRUE,FALSE)),"") | Q87: =IFERROR(AND(OR(Q1:R86,$V87)=TRUE,IF(SEARCH(Q$1,$A87)>0,TRUE,FALSE)),"") | R87: =IFERROR(AND(OR(R1:R86,$V87)=TRUE,IF(SEARCH(R$1,$A87)>0,TRUE,FALSE)),"") | S87: =IFERROR(AND(OR(S1:S86,$V87)=TRUE,IF(SEARCH(S$1,$A87)>0,TRUE,FALSE)),"") -> FALSE | T87: =COUNTIF(F87:S87,TRUE) -> 0 | U87: =IFERROR(AND(F87:S87), TRUE) -> FALSE | V87: =IF(E87="Y",TRUE,IF(E87="N",FALSE,0)) -> FALSE | W87: =IF(V87=FALSE, FALSE, U87) -> FALSE | X87: =IF(C87>'Overview (RESPONSES REQUIRED)'!$C$31,FALSE,TRUE) -> FALSE | Y87: =IF(D87>'Overview (RESPONSES REQUIRED)'!$C$34,FALSE,TRUE) -> FALSE | Z87: =AND(X87:Y87) -> FALSE | AA87: =IF(Z87=FALSE,"N",IF(W87=TRUE,"Y",IF(E87=0,"E","N"))) -> N
A88: CA_3C2-7A2-28A2 | B88: 3 | C88: 4 | D88: 8 | E88: =IF('LTE CA'!K90="Y", "Y", IF('LTE CA'!K90="N", "N", 0)) -> N | F88: =IFERROR(AND(OR(F1:G87,$V88)=TRUE,IF(SEARCH(F$1,$A88)>0,TRUE,FALSE)),"") | G88: =IFERROR(AND(OR(G1:G87,$V88)=TRUE,IF(SEARCH(G$1,$A88)>0,TRUE,FALSE)),"") | H88: =IFERROR(AND(OR(H1:K87,$V88)=TRUE,IF(SEARCH(H$1,$A88)>0,TRUE,FALSE)),"") | I88: =IFERROR(AND(OR(I1:K87,$V88)=TRUE,IF(SEARCH(I$1,$A88)>0,TRUE,FALSE)),"") | J88: =IFERROR(AND(OR(J1:K87,$V88)=TRUE,IF(SEARCH(J$1,$A88)>0,TRUE,FALSE)),"") -> FALSE | K88: =IFERROR(AND(OR(K1:K87,$V88)=TRUE,IF(SEARCH(K$1,$A88)>0,TRUE,FALSE)),"") | L88: =IFERROR(AND(OR(L1:L87,$V88)=TRUE,IF(SEARCH(L$1,$A88)>0,TRUE,FALSE)),"") | M88: =IFERROR(AND(OR(M1:P87,$V88)=TRUE,IF(SEARCH(M$1,$A88)>0,TRUE,FALSE)),"") -> FALSE | N88: =IFERROR(AND(OR(N1:P87,$V88)=TRUE,IF(SEARCH(N$1,$A88)>0,TRUE,FALSE)),"") | O88: =IFERROR(AND(OR(O1:P87,$V88)=TRUE,IF(SEARCH(O$1,$A88)>0,TRUE,FALSE)),"") | P88: =IFERROR(AND(OR(P1:P87,$V88)=TRUE,IF(SEARCH(P$1,$A88)>0,TRUE,FALSE)),"") | Q88: =IFERROR(AND(OR(Q1:R87,$V88)=TRUE,IF(SEARCH(Q$1,$A88)>0,TRUE,FALSE)),"") | R88: =IFERROR(AND(OR(R1:R87,$V88)=TRUE,IF(SEARCH(R$1,$A88)>0,TRUE,FALSE)),"") | S88: =IFERROR(AND(OR(S1:S87,$V88)=TRUE,IF(SEARCH(S$1,$A88)>0,TRUE,FALSE)),"") -> FALSE | T88: =COUNTIF(F88:S88,TRUE) -> 0 | U88: =IFERROR(AND(F88:S88), TRUE) -> FALSE | V88: =IF(E88="Y",TRUE,IF(E88="N",FALSE,0)) -> FALSE | W88: =IF(V88=FALSE, FALSE, U88) -> FALSE | X88: =IF(C88>'Overview (RESPONSES REQUIRED)'!$C$31,FALSE,TRUE) -> FALSE | Y88: =IF(D88>'Overview (RESPONSES REQUIRED)'!$C$34,FALSE,TRUE) -> FALSE | Z88: =AND(X88:Y88) -> FALSE | AA88: =IF(Z88=FALSE,"N",IF(W88=TRUE,"Y",IF(E88=0,"E","N"))) -> N
A89: CA_3A2-7C2-26A2 | B89: 3 | C89: 4 | D89: 8 | E89: =IF('LTE CA'!K91="Y", "Y", IF('LTE CA'!K91="N", "N", 0)) -> N | F89: =IFERROR(AND(OR(F1:G88,$V89)=TRUE,IF(SEARCH(F$1,$A89)>0,TRUE,FALSE)),"") | G89: =IFERROR(AND(OR(G1:G88,$V89)=TRUE,IF(SEARCH(G$1,$A89)>0,TRUE,FALSE)),"") | H89: =IFERROR(AND(OR(H1:K88,$V89)=TRUE,IF(SEARCH(H$1,$A89)>0,TRUE,FALSE)),"") -> FALSE | I89: =IFERROR(AND(OR(I1:K88,$V89)=TRUE,IF(SEARCH(I$1,$A89)>0,TRUE,FALSE)),"") | J89: =IFERROR(AND(OR(J1:K88,$V89)=TRUE,IF(SEARCH(J$1,$A89)>0,TRUE,FALSE)),"") | K89: =IFERROR(AND(OR(K1:K88,$V89)=TRUE,IF(SEARCH(K$1,$A89)>0,TRUE,FALSE)),"") | L89: =IFERROR(AND(OR(L1:L88,$V89)=TRUE,IF(SEARCH(L$1,$A89)>0,TRUE,FALSE)),"") | M89: =IFERROR(AND(OR(M1:P88,$V89)=TRUE,IF(SEARCH(M$1,$A89)>0,TRUE,FALSE)),"") | N89: =IFERROR(AND(OR(N1:P88,$V89)=TRUE,IF(SEARCH(N$1,$A89)>0,TRUE,FALSE)),"") | O89: =IFERROR(AND(OR(O1:P88,$V89)=TRUE,IF(SEARCH(O$1,$A89)>0,TRUE,FALSE)),"") -> FALSE | P89: =IFERROR(AND(OR(P1:P88,$V89)=TRUE,IF(SEARCH(P$1,$A89)>0,TRUE,FALSE)),"") | Q89: =IFERROR(AND(OR(Q1:R88,$V89)=TRUE,IF(SEARCH(Q$1,$A89)>0,TRUE,FALSE)),"") -> FALSE | R89: =IFERROR(AND(OR(R1:R88,$V89)=TRUE,IF(SEARCH(R$1,$A89)>0,TRUE,FALSE)),"") | S89: =IFERROR(AND(OR(S1:S88,$V89)=TRUE,IF(SEARCH(S$1,$A89)>0,TRUE,FALSE)),"") | T89: =COUNTIF(F89:S89,TRUE) -> 0 | U89: =IFERROR(AND(F89:S89), TRUE) -> FALSE | V89: =IF(E89="Y",TRUE,IF(E89="N",FALSE,0)) -> FALSE | W89: =IF(V89=FALSE, FALSE, U89) -> FALSE | X89: =IF(C89>'Overview (RESPONSES REQUIRED)'!$C$31,FALSE,TRUE) -> FALSE | Y89: =IF(D89>'Overview (RESPONSES REQUIRED)'!$C$34,FALSE,TRUE) -> FALSE | Z89: =AND(X89:Y89) -> FALSE | AA89: =IF(Z89=FALSE,"N",IF(W89=TRUE,"Y",IF(E89=0,"E","N"))) -> N
A90: CA_3C2-7A2-26A2 | B90: 3 | C90: 4 | D90: 8 | E90: =IF('LTE CA'!K92="Y", "Y", IF('LTE CA'!K92="N", "N", 0)) -> N | F90: =IFERROR(AND(OR(F1:G89,$V90)=TRUE,IF(SEARCH(F$1,$A90)>0,TRUE,FALSE)),"") | G90: =IFERROR(AND(OR(G1:G89,$V90)=TRUE,IF(SEARCH(G$1,$A90)>0,TRUE,FALSE)),"") | H90: =IFERROR(AND(OR(H1:K89,$V90)=TRUE,IF(SEARCH(H$1,$A90)>0,TRUE,FALSE)),"") | I90: =IFERROR(AND(OR(I1:K89,$V90)=TRUE,IF(SEARCH(I$1,$A90)>0,TRUE,FALSE)),"") | J90: =IFERROR(AND(OR(J1:K89,$V90)=TRUE,IF(SEARCH(J$1,$A90)>0,TRUE,FALSE)),"") -> FALSE | K90: =IFERROR(AND(OR(K1:K89,$V90)=TRUE,IF(SEARCH(K$1,$A90)>0,TRUE,FALSE)),"") | L90: =IFERROR(AND(OR(L1:L89,$V90)=TRUE,IF(SEARCH(L$1,$A90)>0,TRUE,FALSE)),"") | M90: =IFERROR(AND(OR(M1:P89,$V90)=TRUE,IF(SEARCH(M$1,$A90)>0,TRUE,FALSE)),"") -> FALSE | N90: =IFERROR(AND(OR(N1:P89,$V90)=TRUE,IF(SEARCH(N$1,$A90)>0,TRUE,FALSE)),"") | O90: =IFERROR(AND(OR(O1:P89,$V90)=TRUE,IF(SEARCH(O$1,$A90)>0,TRUE,FALSE)),"") | P90: =IFERROR(AND(OR(P1:P89,$V90)=TRUE,IF(SEARCH(P$1,$A90)>0,TRUE,FALSE)),"") | Q90: =IFERROR(AND(OR(Q1:R89,$V90)=TRUE,IF(SEARCH(Q$1,$A90)>0,TRUE,FALSE)),"") -> FALSE | R90: =IFERROR(AND(OR(R1:R89,$V90)=TRUE,IF(SEARCH(R$1,$A90)>0,TRUE,FALSE)),"") | S90: =IFERROR(AND(OR(S1:S89,$V90)=TRUE,IF(SEARCH(S$1,$A90)>0,TRUE,FALSE)),"") | T90: =COUNTIF(F90:S90,TRUE) -> 0 | U90: =IFERROR(AND(F90:S90), TRUE) -> FALSE | V90: =IF(E90="Y",TRUE,IF(E90="N",FALSE,0)) -> FALSE | W90: =IF(V90=FALSE, FALSE, U90) -> FALSE | X90: =IF(C90>'Overview (RESPONSES REQUIRED)'!$C$31,FALSE,TRUE) -> FALSE | Y90: =IF(D90>'Overview (RESPONSES REQUIRED)'!$C$34,FALSE,TRUE) -> FALSE | Z90: =AND(X90:Y90) -> FALSE | AA90: =IF(Z90=FALSE,"N",IF(W90=TRUE,"Y",IF(E90=0,"E","N"))) -> N
A91: CA_1A2-3A2-7C2 | B91: 3 | C91: 4 | D91: 8 | E91: =IF('LTE CA'!K93="Y", "Y", IF('LTE CA'!K93="N", "N", 0)) -> N | F91: =IFERROR(AND(OR(F1:G90,$V91)=TRUE,IF(SEARCH(F$1,$A91)>0,TRUE,FALSE)),"") -> FALSE | G91: =IFERROR(AND(OR(G1:G90,$V91)=TRUE,IF(SEARCH(G$1,$A91)>0,TRUE,FALSE)),"") | H91: =IFERROR(AND(OR(H1:K90,$V91)=TRUE,IF(SEARCH(H$1,$A91)>0,TRUE,FALSE)),"") -> FALSE | I91: =IFERROR(AND(OR(I1:K90,$V91)=TRUE,IF(SEARCH(I$1,$A91)>0,TRUE,FALSE)),"") | J91: =IFERROR(AND(OR(J1:K90,$V91)=TRUE,IF(SEARCH(J$1,$A91)>0,TRUE,FALSE)),"") | K91: =IFERROR(AND(OR(K1:K90,$V91)=TRUE,IF(SEARCH(K$1,$A91)>0,TRUE,FALSE)),"") | L91: =IFERROR(AND(OR(L1:L90,$V91)=TRUE,IF(SEARCH(L$1,$A91)>0,TRUE,FALSE)),"") | M91: =IFERROR(AND(OR(M1:P90,$V91)=TRUE,IF(SEARCH(M$1,$A91)>0,TRUE,FALSE)),"") | N91: =IFERROR(AND(OR(N1:P90,$V91)=TRUE,IF(SEARCH(N$1,$A91)>0,TRUE,FALSE)),"") | O91: =IFERROR(AND(OR(O1:P90,$V91)=TRUE,IF(SEARCH(O$1,$A91)>0,TRUE,FALSE)),"") -> FALSE | P91: =IFERROR(AND(OR(P1:P90,$V91)=TRUE,IF(SEARCH(P$1,$A91)>0,TRUE,FALSE)),"") | Q91: =IFERROR(AND(OR(Q1:R90,$V91)=TRUE,IF(SEARCH(Q$1,$A91)>0,TRUE,FALSE)),"") | R91: =IFERROR(AND(OR(R1:R90,$V91)=TRUE,IF(SEARCH(R$1,$A91)>0,TRUE,FALSE)),"") | S91: =IFERROR(AND(OR(S1:S90,$V91)=TRUE,IF(SEARCH(S$1,$A91)>0,TRUE,FALSE)),"") | T91: =COUNTIF(F91:S91,TRUE) -> 0 | U91: =IFERROR(AND(F91:S91), TRUE) -> FALSE | V91: =IF(E91="Y",TRUE,IF(E91="N",FALSE,0)) -> FALSE | W91: =IF(V91=FALSE, FALSE, U91) -> FALSE | X91: =IF(C91>'Overview (RESPONSES REQUIRED)'!$C$31,FALSE,TRUE) -> FALSE | Y91: =IF(D91>'Overview (RESPONSES REQUIRED)'!$C$34,FALSE,TRUE) -> FALSE | Z91: =AND(X91:Y91) -> FALSE | AA91: =IF(Z91=FALSE,"N",IF(W91=TRUE,"Y",IF(E91=0,"E","N"))) -> N
A92: CA_1A2-3C2-7A2 | B92: 3 | C92: 4 | D92: 8 | E92: =IF('LTE CA'!K94="Y", "Y", IF('LTE CA'!K94="N", "N", 0)) -> N | F92: =IFERROR(AND(OR(F1:G91,$V92)=TRUE,IF(SEARCH(F$1,$A92)>0,TRUE,FALSE)),"") -> FALSE | G92: =IFERROR(AND(OR(G1:G91,$V92)=TRUE,IF(SEARCH(G$1,$A92)>0,TRUE,FALSE)),"") | H92: =IFERROR(AND(OR(H1:K91,$V92)=TRUE,IF(SEARCH(H$1,$A92)>0,TRUE,FALSE)),"") | I92: =IFERROR(AND(OR(I1:K91,$V92)=TRUE,IF(SEARCH(I$1,$A92)>0,TRUE,FALSE)),"") | J92: =IFERROR(AND(OR(J1:K91,$V92)=TRUE,IF(SEARCH(J$1,$A92)>0,TRUE,FALSE)),"") -> FALSE | K92: =IFERROR(AND(OR(K1:K91,$V92)=TRUE,IF(SEARCH(K$1,$A92)>0,TRUE,FALSE)),"") | L92: =IFERROR(AND(OR(L1:L91,$V92)=TRUE,IF(SEARCH(L$1,$A92)>0,TRUE,FALSE)),"") | M92: =IFERROR(AND(OR(M1:P91,$V92)=TRUE,IF(SEARCH(M$1,$A92)>0,TRUE,FALSE)),"") -> FALSE | N92: =IFERROR(AND(OR(N1:P91,$V92)=TRUE,IF(SEARCH(N$1,$A92)>0,TRUE,FALSE)),"") | O92: =IFERROR(AND(OR(O1:P91,$V92)=TRUE,IF(SEARCH(O$1,$A92)>0,TRUE,FALSE)),"") | P92: =IFERROR(AND(OR(P1:P91,$V92)=TRUE,IF(SEARCH(P$1,$A92)>0,TRUE,FALSE)),"") | Q92: =IFERROR(AND(OR(Q1:R91,$V92)=TRUE,IF(SEARCH(Q$1,$A92)>0,TRUE,FALSE)),"") | R92: =IFERROR(AND(OR(R1:R91,$V92)=TRUE,IF(SEARCH(R$1,$A92)>0,TRUE,FALSE)),"") | S92: =IFERROR(AND(OR(S1:S91,$V92)=TRUE,IF(SEARCH(S$1,$A92)>0,TRUE,FALSE)),"") | T92: =COUNTIF(F92:S92,TRUE) -> 0 | U92: =IFERROR(AND(F92:S92), TRUE) -> FALSE | V92: =IF(E92="Y",TRUE,IF(E92="N",FALSE,0)) -> FALSE | W92: =IF(V92=FALSE, FALSE, U92) -> FALSE | X92: =IF(C92>'Overview (RESPONSES REQUIRED)'!$C$31,FALSE,TRUE) -> FALSE | Y92: =IF(D92>'Overview (RESPONSES REQUIRED)'!$C$34,FALSE,TRUE) -> FALSE | Z92: =AND(X92:Y92) -> FALSE | AA92: =IF(Z92=FALSE,"N",IF(W92=TRUE,"Y",IF(E92=0,"E","N"))) -> N
A93: CA_3A4-7A2-28A2 | B93: 3 | C93: 3 | D93: 8 | E93: =IF('LTE CA'!K95="Y", "Y", IF('LTE CA'!K95="N", "N", 0)) -> N | F93: =IFERROR(AND(OR(F1:G92,$V93)=TRUE,IF(SEARCH(F$1,$A93)>0,TRUE,FALSE)),"") | G93: =IFERROR(AND(OR(G1:G92,$V93)=TRUE,IF(SEARCH(G$1,$A93)>0,TRUE,FALSE)),"") | H93: =IFERROR(AND(OR(H1:K92,$V93)=TRUE,IF(SEARCH(H$1,$A93)>0,TRUE,FALSE)),"") | I93: =IFERROR(AND(OR(I1:K92,$V93)=TRUE,IF(SEARCH(I$1,$A93)>0,TRUE,FALSE)),"") -> FALSE | J93: =IFERROR(AND(OR(J1:K92,$V93)=TRUE,IF(SEARCH(J$1,$A93)>0,TRUE,FALSE)),"") | K93: =IFERROR(AND(OR(K1:K92,$V93)=TRUE,IF(SEARCH(K$1,$A93)>0,TRUE,FALSE)),"") | L93: =IFERROR(AND(OR(L1:L92,$V93)=TRUE,IF(SEARCH(L$1,$A93)>0,TRUE,FALSE)),"") | M93: =IFERROR(AND(OR(M1:P92,$V93)=TRUE,IF(SEARCH(M$1,$A93)>0,TRUE,FALSE)),"") -> FALSE | N93: =IFERROR(AND(OR(N1:P92,$V93)=TRUE,IF(SEARCH(N$1,$A93)>0,TRUE,FALSE)),"") | O93: =IFERROR(AND(OR(O1:P92,$V93)=TRUE,IF(SEARCH(O$1,$A93)>0,TRUE,FALSE)),"") | P93: =IFERROR(AND(OR(P1:P92,$V93)=TRUE,IF(SEARCH(P$1,$A93)>0,TRUE,FALSE)),"") | Q93: =IFERROR(AND(OR(Q1:R92,$V93)=TRUE,IF(SEARCH(Q$1,$A93)>0,TRUE,FALSE)),"") | R93: =IFERROR(AND(OR(R1:R92,$V93)=TRUE,IF(SEARCH(R$1,$A93)>0,TRUE,FALSE)),"") | S93: =IFERROR(AND(OR(S1:S92,$V93)=TRUE,IF(SEARCH(S$1,$A93)>0,TRUE,FALSE)),"") -> FALSE | T93: =COUNTIF(F93:S93,TRUE) -> 0 | U93: =IFERROR(AND(F93:S93), TRUE) -> FALSE | V93: =IF(E93="Y",TRUE,IF(E93="N",FALSE,0)) -> FALSE | W93: =IF(V93=FALSE, FALSE, U93) -> FALSE | X93: =IF(C93>'Overview (RESPONSES REQUIRED)'!$C$31,FALSE,TRUE) -> FALSE | Y93: =IF(D93>'Overview (RESPONSES REQUIRED)'!$C$34,FALSE,TRUE) -> FALSE | Z93: =AND(X93:Y93) -> FALSE | AA93: =IF(Z93=FALSE,"N",IF(W93=TRUE,"Y",IF(E93=0,"E","N"))) -> N
A94: CA_3A4-7A2-26A2 | B94: 3 | C94: 3 | D94: 8 | E94: =IF('LTE CA'!K96="Y", "Y", IF('LTE CA'!K96="N", "N", 0)) -> N | F94: =IFERROR(AND(OR(F1:G93,$V94)=TRUE,IF(SEARCH(F$1,$A94)>0,TRUE,FALSE)),"") | G94: =IFERROR(AND(OR(G1:G93,$V94)=TRUE,IF(SEARCH(G$1,$A94)>0,TRUE,FALSE)),"") | H94: =IFERROR(AND(OR(H1:K93,$V94)=TRUE,IF(SEARCH(H$1,$A94)>0,TRUE,FALSE)),"") | I94: =IFERROR(AND(OR(I1:K93,$V94)=TRUE,IF(SEARCH(I$1,$A94)>0,TRUE,FALSE)),"") -> FALSE | J94: =IFERROR(AND(OR(J1:K93,$V94)=TRUE,IF(SEARCH(J$1,$A94)>0,TRUE,FALSE)),"") | K94: =IFERROR(AND(OR(K1:K93,$V94)=TRUE,IF(SEARCH(K$1,$A94)>0,TRUE,FALSE)),"") | L94: =IFERROR(AND(OR(L1:L93,$V94)=TRUE,IF(SEARCH(L$1,$A94)>0,TRUE,FALSE)),"") | M94: =IFERROR(AND(OR(M1:P93,$V94)=TRUE,IF(SEARCH(M$1,$A94)>0,TRUE,FALSE)),"") -> FALSE | N94: =IFERROR(AND(OR(N1:P93,$V94)=TRUE,IF(SEARCH(N$1,$A94)>0,TRUE,FALSE)),"") | O94: =IFERROR(AND(OR(O1:P93,$V94)=TRUE,IF(SEARCH(O$1,$A94)>0,TRUE,FALSE)),"") | P94: =IFERROR(AND(OR(P1:P93,$V94)=TRUE,IF(SEARCH(P$1,$A94)>0,TRUE,FALSE)),"") | Q94: =IFERROR(AND(OR(Q1:R93,$V94)=TRUE,IF(SEARCH(Q$1,$A94)>0,TRUE,FALSE)),"") -> FALSE | R94: =IFERROR(AND(OR(R1:R93,$V94)=TRUE,IF(SEARCH(R$1,$A94)>0,TRUE,FALSE)),"") | S94: =IFERROR(AND(OR(S1:S93,$V94)=TRUE,IF(SEARCH(S$1,$A94)>0,TRUE,FALSE)),"") | T94: =COUNTIF(F94:S94,TRUE) -> 0 | U94: =IFERROR(AND(F94:S94), TRUE) -> FALSE | V94: =IF(E94="Y",TRUE,IF(E94="N",FALSE,0)) -> FALSE | W94: =IF(V94=FALSE, FALSE, U94) -> FALSE | X94: =IF(C94>'Overview (RESPONSES REQUIRED)'!$C$31,FALSE,TRUE) -> FALSE | Y94: =IF(D94>'Overview (RESPONSES REQUIRED)'!$C$34,FALSE,TRUE) -> FALSE | Z94: =AND(X94:Y94) -> FALSE | AA94: =IF(Z94=FALSE,"N",IF(W94=TRUE,"Y",IF(E94=0,"E","N"))) -> N
A95: CA_1A4-3A2-28A2 | B95: 3 | C95: 3 | D95: 8 | E95: =IF('LTE CA'!K97="Y", "Y", IF('LTE CA'!K97="N", "N", 0)) -> N | F95: =IFERROR(AND(OR(F1:G94,$V95)=TRUE,IF(SEARCH(F$1,$A95)>0,TRUE,FALSE)),"") | G95: =IFERROR(AND(OR(G1:G94,$V95)=TRUE,IF(SEARCH(G$1,$A95)>0,TRUE,FALSE)),"") -> FALSE | H95: =IFERROR(AND(OR(H1:K94,$V95)=TRUE,IF(SEARCH(H$1,$A95)>0,TRUE,FALSE)),"") -> FALSE | I95: =IFERROR(AND(OR(I1:K94,$V95)=TRUE,IF(SEARCH(I$1,$A95)>0,TRUE,FALSE)),"") | J95: =IFERROR(AND(OR(J1:K94,$V95)=TRUE,IF(SEARCH(J$1,$A95)>0,TRUE,FALSE)),"") | K95: =IFERROR(AND(OR(K1:K94,$V95)=TRUE,IF(SEARCH(K$1,$A95)>0,TRUE,FALSE)),"") | L95: =IFERROR(AND(OR(L1:L94,$V95)=TRUE,IF(SEARCH(L$1,$A95)>0,TRUE,FALSE)),"") | M95: =IFERROR(AND(OR(M1:P94,$V95)=TRUE,IF(SEARCH(M$1,$A95)>0,TRUE,FALSE)),"") | N95: =IFERROR(AND(OR(N1:P94,$V95)=TRUE,IF(SEARCH(N$1,$A95)>0,TRUE,FALSE)),"") | O95: =IFERROR(AND(OR(O1:P94,$V95)=TRUE,IF(SEARCH(O$1,$A95)>0,TRUE,FALSE)),"") | P95: =IFERROR(AND(OR(P1:P94,$V95)=TRUE,IF(SEARCH(P$1,$A95)>0,TRUE,FALSE)),"") | Q95: =IFERROR(AND(OR(Q1:R94,$V95)=TRUE,IF(SEARCH(Q$1,$A95)>0,TRUE,FALSE)),"") | R95: =IFERROR(AND(OR(R1:R94,$V95)=TRUE,IF(SEARCH(R$1,$A95)>0,TRUE,FALSE)),"") | S95: =IFERROR(AND(OR(S1:S94,$V95)=TRUE,IF(SEARCH(S$1,$A95)>0,TRUE,FALSE)),"") -> FALSE | T95: =COUNTIF(F95:S95,TRUE) -> 0 | U95: =IFERROR(AND(F95:S95), TRUE) -> FALSE | V95: =IF(E95="Y",TRUE,IF(E95="N",FALSE,0)) -> FALSE | W95: =IF(V95=FALSE, FALSE, U95) -> FALSE | X95: =IF(C95>'Overview (RESPONSES REQUIRED)'!$C$31,FALSE,TRUE) -> FALSE | Y95: =IF(D95>'Overview (RESPONSES REQUIRED)'!$C$34,FALSE,TRUE) -> FALSE | Z95: =AND(X95:Y95) -> FALSE | AA95: =IF(Z95=FALSE,"N",IF(W95=TRUE,"Y",IF(E95=0,"E","N"))) -> N
A96: CA_1A2-7A4-28A2 | B96: 3 | C96: 3 | D96: 8 | E96: =IF('LTE CA'!K98="Y", "Y", IF('LTE CA'!K98="N", "N", 0)) -> N | F96: =IFERROR(AND(OR(F1:G95,$V96)=TRUE,IF(SEARCH(F$1,$A96)>0,TRUE,FALSE)),"") -> FALSE | G96: =IFERROR(AND(OR(G1:G95,$V96)=TRUE,IF(SEARCH(G$1,$A96)>0,TRUE,FALSE)),"") | H96: =IFERROR(AND(OR(H1:K95,$V96)=TRUE,IF(SEARCH(H$1,$A96)>0,TRUE,FALSE)),"") | I96: =IFERROR(AND(OR(I1:K95,$V96)=TRUE,IF(SEARCH(I$1,$A96)>0,TRUE,FALSE)),"") | J96: =IFERROR(AND(OR(J1:K95,$V96)=TRUE,IF(SEARCH(J$1,$A96)>0,TRUE,FALSE)),"") | K96: =IFERROR(AND(OR(K1:K95,$V96)=TRUE,IF(SEARCH(K$1,$A96)>0,TRUE,FALSE)),"") | L96: =IFERROR(AND(OR(L1:L95,$V96)=TRUE,IF(SEARCH(L$1,$A96)>0,TRUE,FALSE)),"") | M96: =IFERROR(AND(OR(M1:P95,$V96)=TRUE,IF(SEARCH(M$1,$A96)>0,TRUE,FALSE)),"") | N96: =IFERROR(AND(OR(N1:P95,$V96)=TRUE,IF(SEARCH(N$1,$A96)>0,TRUE,FALSE)),"") -> FALSE | O96: =IFERROR(AND(OR(O1:P95,$V96)=TRUE,IF(SEARCH(O$1,$A96)>0,TRUE,FALSE)),"") | P96: =IFERROR(AND(OR(P1:P95,$V96)=TRUE,IF(SEARCH(P$1,$A96)>0,TRUE,FALSE)),"") | Q96: =IFERROR(AND(OR(Q1:R95,$V96)=TRUE,IF(SEARCH(Q$1,$A96)>0,TRUE,FALSE)),"") | R96: =IFERROR(AND(OR(R1:R95,$V96)=TRUE,IF(SEARCH(R$1,$A96)>0,TRUE,FALSE)),"") | S96: =IFERROR(AND(OR(S1:S95,$V96)=TRUE,IF(SEARCH(S$1,$A96)>0,TRUE,FALSE)),"") -> FALSE | T96: =COUNTIF(F96:S96,TRUE) -> 0 | U96: =IFERROR(AND(F96:S96), TRUE) -> FALSE | V96: =IF(E96="Y",TRUE,IF(E96="N",FALSE,0)) -> FALSE | W96: =IF(V96=FALSE, FALSE, U96) -> FALSE | X96: =IF(C96>'Overview (RESPONSES REQUIRED)'!$C$31,FALSE,TRUE) -> FALSE | Y96: =IF(D96>'Overview (RESPONSES REQUIRED)'!$C$34,FALSE,TRUE) -> FALSE | Z96: =AND(X96:Y96) -> FALSE | AA96: =IF(Z96=FALSE,"N",IF(W96=TRUE,"Y",IF(E96=0,"E","N"))) -> N
A97: CA_3A2-7A4-28A2 | B97: 3 | C97: 3 | D97: 8 | E97: =IF('LTE CA'!K99="Y", "Y", IF('LTE CA'!K99="N", "N", 0)) -> N | F97: =IFERROR(AND(OR(F1:G96,$V97)=TRUE,IF(SEARCH(F$1,$A97)>0,TRUE,FALSE)),"") | G97: =IFERROR(AND(OR(G1:G96,$V97)=TRUE,IF(SEARCH(G$1,$A97)>0,TRUE,FALSE)),"") | H97: =IFERROR(AND(OR(H1:K96,$V97)=TRUE,IF(SEARCH(H$1,$A97)>0,TRUE,FALSE)),"") -> FALSE | I97: =IFERROR(AND(OR(I1:K96,$V97)=TRUE,IF(SEARCH(I$1,$A97)>0,TRUE,FALSE)),"") | J97: =IFERROR(AND(OR(J1:K96,$V97)=TRUE,IF(SEARCH(J$1,$A97)>0,TRUE,FALSE)),"") | K97: =IFERROR(AND(OR(K1:K96,$V97)=TRUE,IF(SEARCH(K$1,$A97)>0,TRUE,FALSE)),"") | L97: =IFERROR(AND(OR(L1:L96,$V97)=TRUE,IF(SEARCH(L$1,$A97)>0,TRUE,FALSE)),"") | M97: =IFERROR(AND(OR(M1:P96,$V97)=TRUE,IF(SEARCH(M$1,$A97)>0,TRUE,FALSE)),"") | N97: =IFERROR(AND(OR(N1:P96,$V97)=TRUE,IF(SEARCH(N$1,$A97)>0,TRUE,FALSE)),"") -> FALSE | O97: =IFERROR(AND(OR(O1:P96,$V97)=TRUE,IF(SEARCH(O$1,$A97)>0,TRUE,FALSE)),"") | P97: =IFERROR(AND(OR(P1:P96,$V97)=TRUE,IF(SEARCH(P$1,$A97)>0,TRUE,FALSE)),"") | Q97: =IFERROR(AND(OR(Q1:R96,$V97)=TRUE,IF(SEARCH(Q$1,$A97)>0,TRUE,FALSE)),"") | R97: =IFERROR(AND(OR(R1:R96,$V97)=TRUE,IF(SEARCH(R$1,$A97)>0,TRUE,FALSE)),"") | S97: =IFERROR(AND(OR(S1:S96,$V97)=TRUE,IF(SEARCH(S$1,$A97)>0,TRUE,FALSE)),"") -> FALSE | T97: =COUNTIF(F97:S97,TRUE) -> 0 | U97: =IFERROR(AND(F97:S97), TRUE) -> FALSE | V97: =IF(E97="Y",TRUE,IF(E97="N",FALSE,0)) -> FALSE | W97: =IF(V97=FALSE, FALSE, U97) -> FALSE | X97: =IF(C97>'Overview (RESPONSES REQUIRED)'!$C$31,FALSE,TRUE) -> FALSE | Y97: =IF(D97>'Overview (RESPONSES REQUIRED)'!$C$34,FALSE,TRUE) -> FALSE | Z97: =AND(X97:Y97) -> FALSE | AA97: =IF(Z97=FALSE,"N",IF(W97=TRUE,"Y",IF(E97=0,"E","N"))) -> N
A98: CA_3A2-7A4-26A2 | B98: 3 | C98: 3 | D98: 8 | E98: =IF('LTE CA'!K100="Y", "Y", IF('LTE CA'!K100="N", "N", 0)) -> N | F98: =IFERROR(AND(OR(F1:G97,$V98)=TRUE,IF(SEARCH(F$1,$A98)>0,TRUE,FALSE)),"") | G98: =IFERROR(AND(OR(G1:G97,$V98)=TRUE,IF(SEARCH(G$1,$A98)>0,TRUE,FALSE)),"") | H98: =IFERROR(AND(OR(H1:K97,$V98)=TRUE,IF(SEARCH(H$1,$A98)>0,TRUE,FALSE)),"") -> FALSE | I98: =IFERROR(AND(OR(I1:K97,$V98)=TRUE,IF(SEARCH(I$1,$A98)>0,TRUE,FALSE)),"") | J98: =IFERROR(AND(OR(J1:K97,$V98)=TRUE,IF(SEARCH(J$1,$A98)>0,TRUE,FALSE)),"") | K98: =IFERROR(AND(OR(K1:K97,$V98)=TRUE,IF(SEARCH(K$1,$A98)>0,TRUE,FALSE)),"") | L98: =IFERROR(AND(OR(L1:L97,$V98)=TRUE,IF(SEARCH(L$1,$A98)>0,TRUE,FALSE)),"") | M98: =IFERROR(AND(OR(M1:P97,$V98)=TRUE,IF(SEARCH(M$1,$A98)>0,TRUE,FALSE)),"") | N98: =IFERROR(AND(OR(N1:P97,$V98)=TRUE,IF(SEARCH(N$1,$A98)>0,TRUE,FALSE)),"") -> FALSE | O98: =IFERROR(AND(OR(O1:P97,$V98)=TRUE,IF(SEARCH(O$1,$A98)>0,TRUE,FALSE)),"") | P98: =IFERROR(AND(OR(P1:P97,$V98)=TRUE,IF(SEARCH(P$1,$A98)>0,TRUE,FALSE)),"") | Q98: =IFERROR(AND(OR(Q1:R97,$V98)=TRUE,IF(SEARCH(Q$1,$A98)>0,TRUE,FALSE)),"") -> FALSE | R98: =IFERROR(AND(OR(R1:R97,$V98)=TRUE,IF(SEARCH(R$1,$A98)>0,TRUE,FALSE)),"") | S98: =IFERROR(AND(OR(S1:S97,$V98)=TRUE,IF(SEARCH(S$1,$A98)>0,TRUE,FALSE)),"") | T98: =COUNTIF(F98:S98,TRUE) -> 0 | U98: =IFERROR(AND(F98:S98), TRUE) -> FALSE | V98: =IF(E98="Y",TRUE,IF(E98="N",FALSE,0)) -> FALSE | W98: =IF(V98=FALSE, FALSE, U98) -> FALSE | X98: =IF(C98>'Overview (RESPONSES REQUIRED)'!$C$31,FALSE,TRUE) -> FALSE | Y98: =IF(D98>'Overview (RESPONSES REQUIRED)'!$C$34,FALSE,TRUE) -> FALSE | Z98: =AND(X98:Y98) -> FALSE | AA98: =IF(Z98=FALSE,"N",IF(W98=TRUE,"Y",IF(E98=0,"E","N"))) -> N
A99: CA_1A2-3A4-28A2 | B99: 3 | C99: 3 | D99: 8 | E99: =IF('LTE CA'!K101="Y", "Y", IF('LTE CA'!K101="N", "N", 0)) -> N | F99: =IFERROR(AND(OR(F1:G98,$V99)=TRUE,IF(SEARCH(F$1,$A99)>0,TRUE,FALSE)),"") -> FALSE | G99: =IFERROR(AND(OR(G1:G98,$V99)=TRUE,IF(SEARCH(G$1,$A99)>0,TRUE,FALSE)),"") | H99: =IFERROR(AND(OR(H1:K98,$V99)=TRUE,IF(SEARCH(H$1,$A99)>0,TRUE,FALSE)),"") | I99: =IFERROR(AND(OR(I1:K98,$V99)=TRUE,IF(SEARCH(I$1,$A99)>0,TRUE,FALSE)),"") -> FALSE | J99: =IFERROR(AND(OR(J1:K98,$V99)=TRUE,IF(SEARCH(J$1,$A99)>0,TRUE,FALSE)),"") | K99: =IFERROR(AND(OR(K1:K98,$V99)=TRUE,IF(SEARCH(K$1,$A99)>0,TRUE,FALSE)),"") | L99: =IFERROR(AND(OR(L1:L98,$V99)=TRUE,IF(SEARCH(L$1,$A99)>0,TRUE,FALSE)),"") | M99: =IFERROR(AND(OR(M1:P98,$V99)=TRUE,IF(SEARCH(M$1,$A99)>0,TRUE,FALSE)),"") | N99: =IFERROR(AND(OR(N1:P98,$V99)=TRUE,IF(SEARCH(N$1,$A99)>0,TRUE,FALSE)),"") | O99: =IFERROR(AND(OR(O1:P98,$V99)=TRUE,IF(SEARCH(O$1,$A99)>0,TRUE,FALSE)),"") | P99: =IFERROR(AND(OR(P1:P98,$V99)=TRUE,IF(SEARCH(P$1,$A99)>0,TRUE,FALSE)),"") | Q99: =IFERROR(AND(OR(Q1:R98,$V99)=TRUE,IF(SEARCH(Q$1,$A99)>0,TRUE,FALSE)),"") | R99: =IFERROR(AND(OR(R1:R98,$V99)=TRUE,IF(SEARCH(R$1,$A99)>0,TRUE,FALSE)),"") | S99: =IFERROR(AND(OR(S1:S98,$V99)=TRUE,IF(SEARCH(S$1,$A99)>0,TRUE,FALSE)),"") -> FALSE | T99: =COUNTIF(F99:S99,TRUE) -> 0 | U99: =IFERROR(AND(F99:S99), TRUE) -> FALSE | V99: =IF(E99="Y",TRUE,IF(E99="N",FALSE,0)) -> FALSE | W99: =IF(V99=FALSE, FALSE, U99) -> FALSE | X99: =IF(C99>'Overview (RESPONSES REQUIRED)'!$C$31,FALSE,TRUE) -> FALSE | Y99: =IF(D99>'Overview (RESPONSES REQUIRED)'!$C$34,FALSE,TRUE) -> FALSE | Z99: =AND(X99:Y99) -> FALSE | AA99: =IF(Z99=FALSE,"N",IF(W99=TRUE,"Y",IF(E99=0,"E","N"))) -> N
A100: CA_1A4-3A2-7A2 | B100: 3 | C100: 3 | D100: 8 | E100: =IF('LTE CA'!K102="Y", "Y", IF('LTE CA'!K102="N", "N", 0)) -> N | F100: =IFERROR(AND(OR(F1:G99,$V100)=TRUE,IF(SEARCH(F$1,$A100)>0,TRUE,FALSE)),"") | G100: =IFERROR(AND(OR(G1:G99,$V100)=TRUE,IF(SEARCH(G$1,$A100)>0,TRUE,FALSE)),"") -> FALSE | H100: =IFERROR(AND(OR(H1:K99,$V100)=TRUE,IF(SEARCH(H$1,$A100)>0,TRUE,FALSE)),"") -> FALSE | I100: =IFERROR(AND(OR(I1:K99,$V100)=TRUE,IF(SEARCH(I$1,$A100)>0,TRUE,FALSE)),"") | J100: =IFERROR(AND(OR(J1:K99,$V100)=TRUE,IF(SEARCH(J$1,$A100)>0,TRUE,FALSE)),"") | K100: =IFERROR(AND(OR(K1:K99,$V100)=TRUE,IF(SEARCH(K$1,$A100)>0,TRUE,FALSE)),"") | L100: =IFERROR(AND(OR(L1:L99,$V100)=TRUE,IF(SEARCH(L$1,$A100)>0,TRUE,FALSE)),"") | M100: =IFERROR(AND(OR(M1:P99,$V100)=TRUE,IF(SEARCH(M$1,$A100)>0,TRUE,FALSE)),"") -> FALSE | N100: =IFERROR(AND(OR(N1:P99,$V100)=TRUE,IF(SEARCH(N$1,$A100)>0,TRUE,FALSE)),"") | O100: =IFERROR(AND(OR(O1:P99,$V100)=TRUE,IF(SEARCH(O$1,$A100)>0,TRUE,FALSE)),"") | P100: =IFERROR(AND(OR(P1:P99,$V100)=TRUE,IF(SEARCH(P$1,$A100)>0,TRUE,FALSE)),"") | Q100: =IFERROR(AND(OR(Q1:R99,$V100)=TRUE,IF(SEARCH(Q$1,$A100)>0,TRUE,FALSE)),"") | R100: =IFERROR(AND(OR(R1:R99,$V100)=TRUE,IF(SEARCH(R$1,$A100)>0,TRUE,FALSE)),"") | S100: =IFERROR(AND(OR(S1:S99,$V100)=TRUE,IF(SEARCH(S$1,$A100)>0,TRUE,FALSE)),"") | T100: =COUNTIF(F100:S100,TRUE) -> 0 | U100: =IFERROR(AND(F100:S100), TRUE) -> FALSE | V100: =IF(E100="Y",TRUE,IF(E100="N",FALSE,0)) -> FALSE | W100: =IF(V100=FALSE, FALSE, U100) -> FALSE | X100: =IF(C100>'Overview (RESPONSES REQUIRED)'!$C$31,FALSE,TRUE) -> FALSE | Y100: =IF(D100>'Overview (RESPONSES REQUIRED)'!$C$34,FALSE,TRUE) -> FALSE | Z100: =AND(X100:Y100) -> FALSE | AA100: =IF(Z100=FALSE,"N",IF(W100=TRUE,"Y",IF(E100=0,"E","N"))) -> N
A101: CA_1A2-3A4-7A2 | B101: 3 | C101: 3 | D101: 8 | E101: =IF('LTE CA'!K103="Y", "Y", IF('LTE CA'!K103="N", "N", 0)) -> N | F101: =IFERROR(AND(OR(F1:G100,$V101)=TRUE,IF(SEARCH(F$1,$A101)>0,TRUE,FALSE)),"") -> FALSE | G101: =IFERROR(AND(OR(G1:G100,$V101)=TRUE,IF(SEARCH(G$1,$A101)>0,TRUE,FALSE)),"") | H101: =IFERROR(AND(OR(H1:K100,$V101)=TRUE,IF(SEARCH(H$1,$A101)>0,TRUE,FALSE)),"") | I101: =IFERROR(AND(OR(I1:K100,$V101)=TRUE,IF(SEARCH(I$1,$A101)>0,TRUE,FALSE)),"") -> FALSE | J101: =IFERROR(AND(OR(J1:K100,$V101)=TRUE,IF(SEARCH(J$1,$A101)>0,TRUE,FALSE)),"") | K101: =IFERROR(AND(OR(K1:K100,$V101)=TRUE,IF(SEARCH(K$1,$A101)>0,TRUE,FALSE)),"") | L101: =IFERROR(AND(OR(L1:L100,$V101)=TRUE,IF(SEARCH(L$1,$A101)>0,TRUE,FALSE)),"") | M101: =IFERROR(AND(OR(M1:P100,$V101)=TRUE,IF(SEARCH(M$1,$A101)>0,TRUE,FALSE)),"") -> FALSE | N101: =IFERROR(AND(OR(N1:P100,$V101)=TRUE,IF(SEARCH(N$1,$A101)>0,TRUE,FALSE)),"") | O101: =IFERROR(AND(OR(O1:P100,$V101)=TRUE,IF(SEARCH(O$1,$A101)>0,TRUE,FALSE)),"") | P101: =IFERROR(AND(OR(P1:P100,$V101)=TRUE,IF(SEARCH(P$1,$A101)>0,TRUE,FALSE)),"") | Q101: =IFERROR(AND(OR(Q1:R100,$V101)=TRUE,IF(SEARCH(Q$1,$A101)>0,TRUE,FALSE)),"") | R101: =IFERROR(AND(OR(R1:R100,$V101)=TRUE,IF(SEARCH(R$1,$A101)>0,TRUE,FALSE)),"") | S101: =IFERROR(AND(OR(S1:S100,$V101)=TRUE,IF(SEARCH(S$1,$A101)>0,TRUE,FALSE)),"") | T101: =COUNTIF(F101:S101,TRUE) -> 0 | U101: =IFERROR(AND(F101:S101), TRUE) -> FALSE | V101: =IF(E101="Y",TRUE,IF(E101="N",FALSE,0)) -> FALSE | W101: =IF(V101=FALSE, FALSE, U101) -> FALSE | X101: =IF(C101>'Overview (RESPONSES REQUIRED)'!$C$31,FALSE,TRUE) -> FALSE | Y101: =IF(D101>'Overview (RESPONSES REQUIRED)'!$C$34,FALSE,TRUE) -> FALSE | Z101: =AND(X101:Y101) -> FALSE | AA101: =IF(Z101=FALSE,"N",IF(W101=TRUE,"Y",IF(E101=0,"E","N"))) -> N
...

Sheet LTE CA
G1: Band Combinations - LTE CA
C2: Intended for information only | G2: Columns are locked - Content is auto-generated | K2: Vendor Response
A3: Item # | B3: Band Combination | C3: LTE#CC | D3: LTE#Bands | E3: Total Layers | F3: Network Status | G3: User Equipment Requirement | H3: Priority | I3: Support | J3: Telstra Feedback on Input Please review Support indicators for each valid combinations carefully as auto values may not necessarily reflect the actual implementation. | K3: Vendor Input | L3: Vendor Comments
A5: LTECA_6_22_273 | B5: CA_1A-3C-7C-28A | C5: 6 | D5: 4 | E5: 22 | F5: TBD | G5: CA_1A4-3C4-7C4-28A2 | H5: HD | I5: ='LTE CA_BE'!AA3 -> N | J5: =IF(I5="E","Please respond in Vendor Input column for all applicable UL combinations.",IF(AND(I5="N",'LTE CA_BE'!V3=TRUE),IF('LTE CA_BE'!Y3=FALSE,"Check #Layers entered in Overview tab is correct.",IF('LTE CA_BE'!X3=FALSE,"Check if #CC's entered in Overview tab is correct.","")),"")) | K5: N
A6: LTECA_6_20_272 | B6: CA_1A-3C-7C-28A | C6: 6 | D6: 4 | E6: 20 | F6: TBD | G6: CA_1A2-3C4-7C4-28A2 | H6: HD | I6: ='LTE CA_BE'!AA4 -> N | J6: =IF(I6="E","Please respond in Vendor Input column for all applicable UL combinations.",IF(AND(I6="N",'LTE CA_BE'!V4=TRUE),IF('LTE CA_BE'!Y4=FALSE,"Check #Layers entered in Overview tab is correct.",IF('LTE CA_BE'!X4=FALSE,"Check if #CC's entered in Overview tab is correct.","")),"")) | K6: N
A7: LTECA_6_18_268 | B7: CA_1A-3C-7C-28A | C7: 6 | D7: 4 | E7: 18 | F7: TBD | G7: CA_1A4-3C4-7C2-28A2 | H7: HD | I7: ='LTE CA_BE'!AA5 -> N | J7: =IF(I7="E","Please respond in Vendor Input column for all applicable UL combinations.",IF(AND(I7="N",'LTE CA_BE'!V5=TRUE),IF('LTE CA_BE'!Y5=FALSE,"Check #Layers entered in Overview tab is correct.",IF('LTE CA_BE'!X5=FALSE,"Check if #CC's entered in Overview tab is correct.","")),"")) | K7: N
A8: LTECA_6_18_267 | B8: CA_1A-3C-7C-28A | C8: 6 | D8: 4 | E8: 18 | F8: TBD | G8: CA_1A4-3C2-7C4-28A2 | H8: HD | I8: ='LTE CA_BE'!AA6 -> N | J8: =IF(I8="E","Please respond in Vendor Input column for all applicable UL combinations.",IF(AND(I8="N",'LTE CA_BE'!V6=TRUE),IF('LTE CA_BE'!Y6=FALSE,"Check #Layers entered in Overview tab is correct.",IF('LTE CA_BE'!X6=FALSE,"Check if #CC's entered in Overview tab is correct.","")),"")) | K8: N
A9: LTECA_5_18_266 | B9: CA_1A-3A-7C-28A | C9: 5 | D9: 4 | E9: 18 | F9: Available | G9: CA_1A4-3A4-7C4-28A2 | H9: M | I9: ='LTE CA_BE'!AA7 -> N | J9: =IF(I9="E","Please respond in Vendor Input column for all applicable UL combinations.",IF(AND(I9="N",'LTE CA_BE'!V7=TRUE),IF('LTE CA_BE'!Y7=FALSE,"Check #Layers entered in Overview tab is correct.",IF('LTE CA_BE'!X7=FALSE,"Check if #CC's entered in Overview tab is correct.","")),"")) | K9: N
A10: LTECA_5_18_265 | B10: CA_1A-3C-7A-28A | C10: 5 | D10: 4 | E10: 18 | F10: Available | G10: CA_1A4-3C4-7A4-28A2 | H10: HD | I10: ='LTE CA_BE'!AA8 -> N | J10: =IF(I10="E","Please respond in Vendor Input column for all applicable UL combinations.",IF(AND(I10="N",'LTE CA_BE'!V8=TRUE),IF('LTE CA_BE'!Y8=FALSE,"Check #Layers entered in Overview tab is correct.",IF('LTE CA_BE'!X8=FALSE,"Check if #CC's entered in Overview tab is correct.","")),"")) | K10: N
A11: LTECA_6_16_257 | B11: CA_1A-3C-7C-28A | C11: 6 | D11: 4 | E11: 16 | F11: TBD | G11: CA_1A2-3C2-7C4-28A2 | H11: HD | I11: ='LTE CA_BE'!AA9 -> N | J11: =IF(I11="E","Please respond in Vendor Input column for all applicable UL combinations.",IF(AND(I11="N",'LTE CA_BE'!V9=TRUE),IF('LTE CA_BE'!Y9=FALSE,"Check #Layers entered in Overview tab is correct.",IF('LTE CA_BE'!X9=FALSE,"Check if #CC's entered in Overview tab is correct.","")),"")) | K11: N
A12: LTECA_6_16_256 | B12: CA_1A-3C-7C-28A | C12: 6 | D12: 4 | E12: 16 | F12: TBD | G12: CA_1A2-3C4-7C2-28A2 | H12: HD | I12: ='LTE CA_BE'!AA10 -> N | J12: =IF(I12="E","Please respond in Vendor Input column for all applicable UL combinations.",IF(AND(I12="N",'LTE CA_BE'!V10=TRUE),IF('LTE CA_BE'!Y10=FALSE,"Check #Layers entered in Overview tab is correct.",IF('LTE CA_BE'!X10=FALSE,"Check if #CC's entered in Overview tab is correct.","")),"")) | K12: N
A13: LTECA_5_16_253 | B13: CA_1A-3A-7C-28A | C13: 5 | D13: 4 | E13: 16 | F13: Available | G13: CA_1A2-3A4-7C4-28A2 | H13: HD | I13: ='LTE CA_BE'!AA11 -> N | J13: =IF(I13="E","Please respond in Vendor Input column for all applicable UL combinations.",IF(AND(I13="N",'LTE CA_BE'!V11=TRUE),IF('LTE CA_BE'!Y11=FALSE,"Check #Layers entered in Overview tab is correct.",IF('LTE CA_BE'!X11=FALSE,"Check if #CC's entered in Overview tab is correct.","")),"")) | K13: N
A14: LTECA_5_16_252 | B14: CA_1A-3C-7A-28A | C14: 5 | D14: 4 | E14: 16 | F14: Available | G14: CA_1A2-3C4-7A4-28A2 | H14: HD | I14: ='LTE CA_BE'!AA12 -> N | J14: =IF(I14="E","Please respond in Vendor Input column for all applicable UL combinations.",IF(AND(I14="N",'LTE CA_BE'!V12=TRUE),IF('LTE CA_BE'!Y12=FALSE,"Check #Layers entered in Overview tab is correct.",IF('LTE CA_BE'!X12=FALSE,"Check if #CC's entered in Overview tab is correct.","")),"")) | K14: N
A15: LTECA_6_14_233 | B15: CA_1A-3C-7C-28A | C15: 6 | D15: 4 | E15: 14 | F15: TBD | G15: CA_1A4-3C2-7C2-28A2 | H15: HD | I15: ='LTE CA_BE'!AA13 -> N | J15: =IF(I15="E","Please respond in Vendor Input column for all applicable UL combinations.",IF(AND(I15="N",'LTE CA_BE'!V13=TRUE),IF('LTE CA_BE'!Y13=FALSE,"Check #Layers entered in Overview tab is correct.",IF('LTE CA_BE'!X13=FALSE,"Check if #CC's entered in Overview tab is correct.","")),"")) | K15: N
A16: LTECA_5_14_229 | B16: CA_1A-3A-7C-28A | C16: 5 | D16: 4 | E16: 14 | F16: Available | G16: CA_1A2-3A2-7C4-28A2 | H16: HD | I16: ='LTE CA_BE'!AA14 -> N | J16: =IF(I16="E","Please respond in Vendor Input column for all applicable UL combinations.",IF(AND(I16="N",'LTE CA_BE'!V14=TRUE),IF('LTE CA_BE'!Y14=FALSE,"Check #Layers entered in Overview tab is correct.",IF('LTE CA_BE'!X14=FALSE,"Check if #CC's entered in Overview tab is correct.","")),"")) | K16: N
... A164: LTECA_2_4_1 | B164: CA_3C | C164: 2 | D164: 1 | E164: 4 | F164: Available | G164: CA_3C2 | H164: M | I164: ='LTE CA_BE'!AA162 -> Y | J164: =IF(I164="E","Please respond in Vendor Input column for all applicable UL combinations.",IF(AND(I164="N",'LTE CA_BE'!V162=TRUE),IF('LTE CA_BE'!Y162=FALSE,"Check #Layers entered in Overview tab is correct.",IF('LTE CA_BE'!X162=FALSE,"Check if #CC's entered in Overview tab is correct.","")),"")) | K164: Y

Sheet ENDC-n5_BE
A1: User Equipment Requirement | B1: LTE#Bands | C1: NR#Bands | D1: NR Bands | E1: LTE#SS | F1: Input | G1: 1A2 | H1: 1A4 | I1: 3A2 | J1: 3A4 | K1: 3C2 | L1: 3C4 | M1: 5A2 | N1: 7A2 | O1: 7A4 | P1: 7C2 | Q1: 7C4 | R1: 26A2 | S1: 26(2A)22 | T1: 28A2 | U1: n5A2 | V1: True SUM | W1: Band# Comply | X1: Input Logic | Y1: Band/Input Comply | Z1: SS# Comply | AA1: NR Band Support | AB1: Support
A3: DC_1A4-3C4-7C4-28A2_n5A2 | B3: 4 | C3: 1 | D3: n5 | E3: 22 | F3: =IF('ENDC-n5'!P6="Y", "Y", IF('ENDC-n5'!P6="N", "N", 0)) -> N | G3: =IFERROR(AND(OR(G1:H2,$X3)=TRUE,IF(SEARCH(G$1,$A3)>0,TRUE,FALSE)),"") | H3: =IFERROR(AND(OR(H1:H2,$X3)=TRUE,IF(SEARCH(H$1,$A3)>0,TRUE,FALSE)),"") -> FALSE | I3: =IFERROR(AND(OR(I1:L2,$X3)=TRUE,IF(SEARCH(I$1,$A3)>0,TRUE,FALSE)),"") | J3: =IFERROR(AND(OR(J1:L2,$X3)=TRUE,IF(SEARCH(J$1,$A3)>0,TRUE,FALSE)),"") | K3: =IFERROR(AND(OR(K1:L2,$X3)=TRUE,IF(SEARCH(K$1,$A3)>0,TRUE,FALSE)),"") | L3: =IFERROR(AND(OR(L1:L2,$X3)=TRUE,IF(SEARCH(L$1,$A3)>0,TRUE,FALSE)),"") -> FALSE | M3: =IFERROR(AND(OR(M1:M2,$X3)=TRUE,IF(SEARCH(M$1,$A3)>0,TRUE,FALSE)),"") -> FALSE | N3: =IFERROR(AND(OR(N1:Q2,$X3)=TRUE,IF(SEARCH(N$1,$A3)>0,TRUE,FALSE)),"") | O3: =IFERROR(AND(OR(O1:Q2,$X3)=TRUE,IF(SEARCH(O$1,$A3)>0,TRUE,FALSE)),"") | P3: =IFERROR(AND(OR(P1:Q2,$X3)=TRUE,IF(SEARCH(P$1,$A3)>0,TRUE,FALSE)),"") | Q3: =IFERROR(AND(OR(Q1:Q2,$X3)=TRUE,IF(SEARCH(Q$1,$A3)>0,TRUE,FALSE)),"") -> FALSE | R3: =IFERROR(AND(OR(R1:S2,$X3)=TRUE,IF(SEARCH(R$1,$A3)>0,TRUE,FALSE)),"") | S3: =IFERROR(AND(OR(S1:S2,$X3)=TRUE,IF(SEARCH(S$1,$A3)>0,TRUE,FALSE)),"") | T3: =IFERROR(AND(OR(T1:T2,$X3)=TRUE,IF(SEARCH(T$1,$A3)>0,TRUE,FALSE)),"") -> FALSE | U3: =IFERROR(AND(OR(U1:U2,$X3)=TRUE,IF(SEARCH(U$1,$A3)>0,TRUE,FALSE)),"") -> FALSE | V3: =COUNTIF(G3:U3,TRUE) -> 0 | W3: =IFERROR(AND(G3:U3), TRUE) -> FALSE | X3: =IF(F3="Y",TRUE,IF(F3="N",FALSE,0)) -> FALSE | Y3: =IF(X3=FALSE, FALSE, W3) -> FALSE | Z3: =IF(E3>'Overview (RESPONSES REQUIRED)'!$F$53,FALSE,TRUE) -> FALSE | AA3: =IF('Overview (RESPONSES REQUIRED)'!$D$53="Y", TRUE, FALSE) -> FALSE | AB3: =IF(AND(Z3,AA3)=FALSE,"N",IF(Y3=TRUE,"Y",IF(F3=0,"E","N"))) -> N
A4: DC_1A2-3C4-7C4-28A2_n5A2 | B4: 4 | C4: 1 | D4: n5 | E4: 20 | F4: =IF('ENDC-n5'!P7="Y", "Y", IF('ENDC-n5'!P7="N", "N", 0)) -> N | G4: =IFERROR(AND(OR(G1:H3,$X4)=TRUE,IF(SEARCH(G$1,$A4)>0,TRUE,FALSE)),"") -> FALSE | H4: =IFERROR(AND(OR(H1:H3,$X4)=TRUE,IF(SEARCH(H$1,$A4)>0,TRUE,FALSE)),"") | I4: =IFERROR(AND(OR(I1:L3,$X4)=TRUE,IF(SEARCH(I$1,$A4)>0,TRUE,FALSE)),"") | J4: =IFERROR(AND(OR(J1:L3,$X4)=TRUE,IF(SEARCH(J$1,$A4)>0,TRUE,FALSE)),"") | K4: =IFERROR(AND(OR(K1:L3,$X4)=TRUE,IF(SEARCH(K$1,$A4)>0,TRUE,FALSE)),"") | L4: =IFERROR(AND(OR(L1:L3,$X4)=TRUE,IF(SEARCH(L$1,$A4)>0,TRUE,FALSE)),"") -> FALSE | M4: =IFERROR(AND(OR(M1:M3,$X4)=TRUE,IF(SEARCH(M$1,$A4)>0,TRUE,FALSE)),"") -> FALSE | N4: =IFERROR(AND(OR(N1:Q3,$X4)=TRUE,IF(SEARCH(N$1,$A4)>0,TRUE,FALSE)),"") | O4: =IFERROR(AND(OR(O1:Q3,$X4)=TRUE,IF(SEARCH(O$1,$A4)>0,TRUE,FALSE)),"") | P4: =IFERROR(AND(OR(P1:Q3,$X4)=TRUE,IF(SEARCH(P$1,$A4)>0,TRUE,FALSE)),"") | Q4: =IFERROR(AND(OR(Q1:Q3,$X4)=TRUE,IF(SEARCH(Q$1,$A4)>0,TRUE,FALSE)),"") -> FALSE | R4: =IFERROR(AND(OR(R1:S3,$X4)=TRUE,IF(SEARCH(R$1,$A4)>0,TRUE,FALSE)),"") | S4: =IFERROR(AND(OR(S1:S3,$X4)=TRUE,IF(SEARCH(S$1,$A4)>0,TRUE,FALSE)),"") | T4: =IFERROR(AND(OR(T1:T3,$X4)=TRUE,IF(SEARCH(T$1,$A4)>0,TRUE,FALSE)),"") -> FALSE | U4: =IFERROR(AND(OR(U1:U3,$X4)=TRUE,IF(SEARCH(U$1,$A4)>0,TRUE,FALSE)),"") -> FALSE | V4: =COUNTIF(G4:U4,TRUE) -> 0 | W4: =IFERROR(AND(G4:U4), TRUE) -> FALSE | X4: =IF(F4="Y",TRUE,IF(F4="N",FALSE,0)) -> FALSE | Y4: =IF(X4=FALSE, FALSE, W4) -> FALSE | Z4: =IF(E4>'Overview (RESPONSES REQUIRED)'!$F$53,FALSE,TRUE) -> FALSE | AA4: =IF('Overview (RESPONSES REQUIRED)'!$D$53="Y", TRUE, FALSE) -> FALSE | AB4: =IF(AND(Z4,AA4)=FALSE,"N",IF(Y4=TRUE,"Y",IF(F4=0,"E","N"))) -> N
A5: DC_1A4-3C2-7C4-28A2_n5A2 | B5: 4 | C5: 1 | D5: n5 | E5: 18 | F5: =IF('ENDC-n5'!P8="Y", "Y", IF('ENDC-n5'!P8="N", "N", 0)) -> N | G5: =IFERROR(AND(OR(G1:H4,$X5)=TRUE,IF(SEARCH(G$1,$A5)>0,TRUE,FALSE)),"") | H5: =IFERROR(AND(OR(H1:H4,$X5)=TRUE,IF(SEARCH(H$1,$A5)>0,TRUE,FALSE)),"") -> FALSE | I5: =IFERROR(AND(OR(I1:L4,$X5)=TRUE,IF(SEARCH(I$1,$A5)>0,TRUE,FALSE)),"") | J5: =IFERROR(AND(OR(J1:L4,$X5)=TRUE,IF(SEARCH(J$1,$A5)>0,TRUE,FALSE)),"") | K5: =IFERROR(AND(OR(K1:L4,$X5)=TRUE,IF(SEARCH(K$1,$A5)>0,TRUE,FALSE)),"") -> FALSE | L5: =IFERROR(AND(OR(L1:L4,$X5)=TRUE,IF(SEARCH(L$1,$A5)>0,TRUE,FALSE)),"") | M5: =IFERROR(AND(OR(M1:M4,$X5)=TRUE,IF(SEARCH(M$1,$A5)>0,TRUE,FALSE)),"") -> FALSE | N5: =IFERROR(AND(OR(N1:Q4,$X5)=TRUE,IF(SEARCH(N$1,$A5)>0,TRUE,FALSE)),"") | O5: =IFERROR(AND(OR(O1:Q4,$X5)=TRUE,IF(SEARCH(O$1,$A5)>0,TRUE,FALSE)),"") | P5: =IFERROR(AND(OR(P1:Q4,$X5)=TRUE,IF(SEARCH(P$1,$A5)>0,TRUE,FALSE)),"") | Q5: =IFERROR(AND(OR(Q1:Q4,$X5)=TRUE,IF(SEARCH(Q$1,$A5)>0,TRUE,FALSE)),"") -> FALSE | R5: =IFERROR(AND(OR(R1:S4,$X5)=TRUE,IF(SEARCH(R$1,$A5)>0,TRUE,FALSE)),"") | S5: =IFERROR(AND(OR(S1:S4,$X5)=TRUE,IF(SEARCH(S$1,$A5)>0,TRUE,FALSE)),"") | T5: =IFERROR(AND(OR(T1:T4,$X5)=TRUE,IF(SEARCH(T$1,$A5)>0,TRUE,FALSE)),"") -> FALSE | U5: =IFERROR(AND(OR(U1:U4,$X5)=TRUE,IF(SEARCH(U$1,$A5)>0,TRUE,FALSE)),"") -> FALSE | V5: =COUNTIF(G5:U5,TRUE) -> 0 | W5: =IFERROR(AND(G5:U5), TRUE) -> FALSE | X5: =IF(F5="Y",TRUE,IF(F5="N",FALSE,0)) -> FALSE | Y5: =IF(X5=FALSE, FALSE, W5) -> FALSE | Z5: =IF(E5>'Overview (RESPONSES REQUIRED)'!$F$53,FALSE,TRUE) -> FALSE | AA5: =IF('Overview (RESPONSES REQUIRED)'!$D$53="Y", TRUE, FALSE) -> FALSE | AB5: =IF(AND(Z5,AA5)=FALSE,"N",IF(Y5=TRUE,"Y",IF(F5=0,"E","N"))) -> N
A6: DC_1A4-3A4-7C4-28A2_n5A2 | B6: 4 | C6: 1 | D6: n5 | E6: 18 | F6: =IF('ENDC-n5'!P9="Y", "Y", IF('ENDC-n5'!P9="N", "N", 0)) -> N | G6: =IFERROR(AND(OR(G1:H5,$X6)=TRUE,IF(SEARCH(G$1,$A6)>0,TRUE,FALSE)),"") | H6: =IFERROR(AND(OR(H1:H5,$X6)=TRUE,IF(SEARCH(H$1,$A6)>0,TRUE,FALSE)),"") -> FALSE | I6: =IFERROR(AND(OR(I1:L5,$X6)=TRUE,IF(SEARCH(I$1,$A6)>0,TRUE,FALSE)),"") | J6: =IFERROR(AND(OR(J1:L5,$X6)=TRUE,IF(SEARCH(J$1,$A6)>0,TRUE,FALSE)),"") -> FALSE | K6: =IFERROR(AND(OR(K1:L5,$X6)=TRUE,IF(SEARCH(K$1,$A6)>0,TRUE,FALSE)),"") | L6: =IFERROR(AND(OR(L1:L5,$X6)=TRUE,IF(SEARCH(L$1,$A6)>0,TRUE,FALSE)),"") | M6: =IFERROR(AND(OR(M1:M5,$X6)=TRUE,IF(SEARCH(M$1,$A6)>0,TRUE,FALSE)),"") -> FALSE | N6: =IFERROR(AND(OR(N1:Q5,$X6)=TRUE,IF(SEARCH(N$1,$A6)>0,TRUE,FALSE)),"") | O6: =IFERROR(AND(OR(O1:Q5,$X6)=TRUE,IF(SEARCH(O$1,$A6)>0,TRUE,FALSE)),"") | P6: =IFERROR(AND(OR(P1:Q5,$X6)=TRUE,IF(SEARCH(P$1,$A6)>0,TRUE,FALSE)),"") | Q6: =IFERROR(AND(OR(Q1:Q5,$X6)=TRUE,IF(SEARCH(Q$1,$A6)>0,TRUE,FALSE)),"") -> FALSE | R6: =IFERROR(AND(OR(R1:S5,$X6)=TRUE,IF(SEARCH(R$1,$A6)>0,TRUE,FALSE)),"") | S6: =IFERROR(AND(OR(S1:S5,$X6)=TRUE,IF(SEARCH(S$1,$A6)>0,TRUE,FALSE)),"") | T6: =IFERROR(AND(OR(T1:T5,$X6)=TRUE,IF(SEARCH(T$1,$A6)>0,TRUE,FALSE)),"") -> FALSE | U6: =IFERROR(AND(OR(U1:U5,$X6)=TRUE,IF(SEARCH(U$1,$A6)>0,TRUE,FALSE)),"") -> FALSE | V6: =COUNTIF(G6:U6,TRUE) -> 0 | W6: =IFERROR(AND(G6:U6), TRUE) -> FALSE | X6: =IF(F6="Y",TRUE,IF(F6="N",FALSE,0)) -> FALSE | Y6: =IF(X6=FALSE, FALSE, W6) -> FALSE | Z6: =IF(E6>'Overview (RESPONSES REQUIRED)'!$F$53,FALSE,TRUE) -> FALSE | AA6: =IF('Overview (RESPONSES REQUIRED)'!$D$53="Y", TRUE, FALSE) -> FALSE | AB6: =IF(AND(Z6,AA6)=FALSE,"N",IF(Y6=TRUE,"Y",IF(F6=0,"E","N"))) -> N
A7: DC_1A4-3C4-7A4-28A2_n5A2 | B7: 4 | C7: 1 | D7: n5 | E7: 18 | F7: =IF('ENDC-n5'!P10="Y", "Y", IF('ENDC-n5'!P10="N", "N", 0)) -> N | G7: =IFERROR(AND(OR(G1:H6,$X7)=TRUE,IF(SEARCH(G$1,$A7)>0,TRUE,FALSE)),"") | H7: =IFERROR(AND(OR(H1:H6,$X7)=TRUE,IF(SEARCH(H$1,$A7)>0,TRUE,FALSE)),"") -> FALSE | I7: =IFERROR(AND(OR(I1:L6,$X7)=TRUE,IF(SEARCH(I$1,$A7)>0,TRUE,FALSE)),"") | J7: =IFERROR(AND(OR(J1:L6,$X7)=TRUE,IF(SEARCH(J$1,$A7)>0,TRUE,FALSE)),"") | K7: =IFERROR(AND(OR(K1:L6,$X7)=TRUE,IF(SEARCH(K$1,$A7)>0,TRUE,FALSE)),"") | L7: =IFERROR(AND(OR(L1:L6,$X7)=TRUE,IF(SEARCH(L$1,$A7)>0,TRUE,FALSE)),"") -> FALSE | M7: =IFERROR(AND(OR(M1:M6,$X7)=TRUE,IF(SEARCH(M$1,$A7)>0,TRUE,FALSE)),"") -> FALSE | N7: =IFERROR(AND(OR(N1:Q6,$X7)=TRUE,IF(SEARCH(N$1,$A7)>0,TRUE,FALSE)),"") | O7: =IFERROR(AND(OR(O1:Q6,$X7)=TRUE,IF(SEARCH(O$1,$A7)>0,TRUE,FALSE)),"") -> FALSE | P7: =IFERROR(AND(OR(P1:Q6,$X7)=TRUE,IF(SEARCH(P$1,$A7)>0,TRUE,FALSE)),"") | Q7: =IFERROR(AND(OR(Q1:Q6,$X7)=TRUE,IF(SEARCH(Q$1,$A7)>0,TRUE,FALSE)),"") | R7: =IFERROR(AND(OR(R1:S6,$X7)=TRUE,IF(SEARCH(R$1,$A7)>0,TRUE,FALSE)),"") | S7: =IFERROR(AND(OR(S1:S6,$X7)=TRUE,IF(SEARCH(S$1,$A7)>0,TRUE,FALSE)),"") | T7: =IFERROR(AND(OR(T1:T6,$X7)=TRUE,IF(SEARCH(T$1,$A7)>0,TRUE,FALSE)),"") -> FALSE | U7: =IFERROR(AND(OR(U1:U6,$X7)=TRUE,IF(SEARCH(U$1,$A7)>0,TRUE,FALSE)),"") -> FALSE | V7: =COUNTIF(G7:U7,TRUE) -> 0 | W7: =IFERROR(AND(G7:U7), TRUE) -> FALSE | X7: =IF(F7="Y",TRUE,IF(F7="N",FALSE,0)) -> FALSE | Y7: =IF(X7=FALSE, FALSE, W7) -> FALSE | Z7: =IF(E7>'Overview (RESPONSES REQUIRED)'!$F$53,FALSE,TRUE) -> FALSE | AA7: =IF('Overview (RESPONSES REQUIRED)'!$D$53="Y", TRUE, FALSE) -> FALSE | AB7: =IF(AND(Z7,AA7)=FALSE,"N",IF(Y7=TRUE,"Y",IF(F7=0,"E","N"))) -> N
A8: DC_1A2-3C2-7C4-28A2_n5A2 | B8: 4 | C8: 1 | D8: n5 | E8: 16 | F8: =IF('ENDC-n5'!P11="Y", "Y", IF('ENDC-n5'!P11="N", "N", 0)) -> N | G8: =IFERROR(AND(OR(G1:H7,$X8)=TRUE,IF(SEARCH(G$1,$A8)>0,TRUE,FALSE)),"") -> FALSE | H8: =IFERROR(AND(OR(H1:H7,$X8)=TRUE,IF(SEARCH(H$1,$A8)>0,TRUE,FALSE)),"") | I8: =IFERROR(AND(OR(I1:L7,$X8)=TRUE,IF(SEARCH(I$1,$A8)>0,TRUE,FALSE)),"") | J8: =IFERROR(AND(OR(J1:L7,$X8)=TRUE,IF(SEARCH(J$1,$A8)>0,TRUE,FALSE)),"") | K8: =IFERROR(AND(OR(K1:L7,$X8)=TRUE,IF(SEARCH(K$1,$A8)>0,TRUE,FALSE)),"") -> FALSE | L8: =IFERROR(AND(OR(L1:L7,$X8)=TRUE,IF(SEARCH(L$1,$A8)>0,TRUE,FALSE)),"") | M8: =IFERROR(AND(OR(M1:M7,$X8)=TRUE,IF(SEARCH(M$1,$A8)>0,TRUE,FALSE)),"") -> FALSE | N8: =IFERROR(AND(OR(N1:Q7,$X8)=TRUE,IF(SEARCH(N$1,$A8)>0,TRUE,FALSE)),"") | O8: =IFERROR(AND(OR(O1:Q7,$X8)=TRUE,IF(SEARCH(O$1,$A8)>0,TRUE,FALSE)),"") | P8: =IFERROR(AND(OR(P1:Q7,$X8)=TRUE,IF(SEARCH(P$1,$A8)>0,TRUE,FALSE)),"") | Q8: =IFERROR(AND(OR(Q1:Q7,$X8)=TRUE,IF(SEARCH(Q$1,$A8)>0,TRUE,FALSE)),"") -> FALSE | R8: =IFERROR(AND(OR(R1:S7,$X8)=TRUE,IF(SEARCH(R$1,$A8)>0,TRUE,FALSE)),"") | S8: =IFERROR(AND(OR(S1:S7,$X8)=TRUE,IF(SEARCH(S$1,$A8)>0,TRUE,FALSE)),"") | T8: =IFERROR(AND(OR(T1:T7,$X8)=TRUE,IF(SEARCH(T$1,$A8)>0,TRUE,FALSE)),"") -> FALSE | U8: =IFERROR(AND(OR(U1:U7,$X8)=TRUE,IF(SEARCH(U$1,$A8)>0,TRUE,FALSE)),"") -> FALSE | V8: =COUNTIF(G8:U8,TRUE) -> 0 | W8: =IFERROR(AND(G8:U8), TRUE) -> FALSE | X8: =IF(F8="Y",TRUE,IF(F8="N",FALSE,0)) -> FALSE | Y8: =IF(X8=FALSE, FALSE, W8) -> FALSE | Z8: =IF(E8>'Overview (RESPONSES REQUIRED)'!$F$53,FALSE,TRUE) -> FALSE | AA8: =IF('Overview (RESPONSES REQUIRED)'!$D$53="Y", TRUE, FALSE) -> FALSE | AB8: =IF(AND(Z8,AA8)=FALSE,"N",IF(Y8=TRUE,"Y",IF(F8=0,"E","N"))) -> N
A9: DC_1A4-3A2-7C4-28A2_n5A2 | B9: 4 | C9: 1 | D9: n5 | E9: 16 | F9: =IF('ENDC-n5'!P12="Y", "Y", IF('ENDC-n5'!P12="N", "N", 0)) -> N | G9: =IFERROR(AND(OR(G1:H8,$X9)=TRUE,IF(SEARCH(G$1,$A9)>0,TRUE,FALSE)),"") | H9: =IFERROR(AND(OR(H1:H8,$X9)=TRUE,IF(SEARCH(H$1,$A9)>0,TRUE,FALSE)),"") -> FALSE | I9: =IFERROR(AND(OR(I1:L8,$X9)=TRUE,IF(SEARCH(I$1,$A9)>0,TRUE,FALSE)),"") -> FALSE | J9: =IFERROR(AND(OR(J1:L8,$X9)=TRUE,IF(SEARCH(J$1,$A9)>0,TRUE,FALSE)),"") | K9: =IFERROR(AND(OR(K1:L8,$X9)=TRUE,IF(SEARCH(K$1,$A9)>0,TRUE,FALSE)),"") | L9: =IFERROR(AND(OR(L1:L8,$X9)=TRUE,IF(SEARCH(L$1,$A9)>0,TRUE,FALSE)),"") | M9: =IFERROR(AND(OR(M1:M8,$X9)=TRUE,IF(SEARCH(M$1,$A9)>0,TRUE,FALSE)),"") -> FALSE | N9: =IFERROR(AND(OR(N1:Q8,$X9)=TRUE,IF(SEARCH(N$1,$A9)>0,TRUE,FALSE)),"") | O9: =IFERROR(AND(OR(O1:Q8,$X9)=TRUE,IF(SEARCH(O$1,$A9)>0,TRUE,FALSE)),"") | P9: =IFERROR(AND(OR(P1:Q8,$X9)=TRUE,IF(SEARCH(P$1,$A9)>0,TRUE,FALSE)),"") | Q9: =IFERROR(AND(OR(Q1:Q8,$X9)=TRUE,IF(SEARCH(Q$1,$A9)>0,TRUE,FALSE)),"") -> FALSE | R9: =IFERROR(AND(OR(R1:S8,$X9)=TRUE,IF(SEARCH(R$1,$A9)>0,TRUE,FALSE)),"") | S9: =IFERROR(AND(OR(S1:S8,$X9)=TRUE,IF(SEARCH(S$1,$A9)>0,TRUE,FALSE)),"") | T9: =IFERROR(AND(OR(T1:T8,$X9)=TRUE,IF(SEARCH(T$1,$A9)>0,TRUE,FALSE)),"") -> FALSE | U9: =IFERROR(AND(OR(U1:U8,$X9)=TRUE,IF(SEARCH(U$1,$A9)>0,TRUE,FALSE)),"") -> FALSE | V9: =COUNTIF(G9:U9,TRUE) -> 0 | W9: =IFERROR(AND(G9:U9), TRUE) -> FALSE | X9: =IF(F9="Y",TRUE,IF(F9="N",FALSE,0)) -> FALSE | Y9: =IF(X9=FALSE, FALSE, W9) -> FALSE | Z9: =IF(E9>'Overview (RESPONSES REQUIRED)'!$F$53,FALSE,TRUE) -> FALSE | AA9: =IF('Overview (RESPONSES REQUIRED)'!$D$53="Y", TRUE, FALSE) -> FALSE | AB9: =IF(AND(Z9,AA9)=FALSE,"N",IF(Y9=TRUE,"Y",IF(F9=0,"E","N"))) -> N
